시설명,시설코드,시설종류명(시설유형),시설종류상세명,시설주소,위도,경도
송파구방이복지관,A5039,(장애인) 장애인복지관,장애인지역사회재활시설,서울특별시 송파구 오금로11길 68  ,37.5060818,127.0940448
서울시각장애인복지관,A5105,(장애인) 장애인복지관,장애인지역사회재활시설,서울특별시 송파구 삼학사로19길 27　,37.4936667,126.9187979
서울시립발달장애인복지관,A5108,(장애인) 장애인복지관,장애인지역사회재활시설,서울특별시 동작구 여의대방로20길 33-0395(보라매공원내),37.5093377,127.0423495
청음복지관,A5237,(장애인) 장애인복지관,장애인지역사회재활시설,서울특별시 강남구 봉은사로50길 6　,37.5637278,126.9088528
마포장애인종합복지관,A5241,(장애인) 장애인복지관,장애인지역사회재활시설,서울특별시 마포구 성산로4길 353층(마포장애인종합복지관)(성산동),37.6189132,127.080284
다운복지관,A5242,(장애인) 장애인복지관,장애인지역사회재활시설,서울특별시 노원구 화랑로478,37.6139698,127.091444
원광장애인종합복지관,A6053,(장애인) 장애인복지관,장애인지역사회재활시설,서울특별시 중랑구 신내로 56-0(신내동),37.4813987,126.8904193
성프란치스꼬장애인종합복지관,A6313,(장애인) 장애인복지관,장애인지역사회재활시설,서울특별시 구로구 남부순환로105라길 25-10,37.470327,127.1193059
성모자애복지관,A6315,(장애인) 장애인복지관,장애인지역사회재활시설,서울특별시 강남구 헌릉로757길 35　,37.6804647,127.0568157
대린원,C0001,(장애인) 장애유형별거주시설,장애인거주시설,서울특별시 노원구 동일로248길 30(상계1동),37.644436,127.0733938
동천의집,C0003,(장애인) 장애유형별거주시설,장애인거주시설,서울특별시 노원구 노원로 18길 41 (하계동 288-1)(하계1동),37.654754,126.5803989
누림홈,C0005,(장애인) 장애유형별거주시설,장애인거주시설,경기도 김포시 대곶면 율생중앙로 83 ,37.4991639,126.9466497
삼성농아원,C0012,(장애인) 장애유형별거주시설,장애인거주시설,서울특별시 동작구 양녕로30길 19-4(동작구),37.4603732,127.0921844
다니엘복지원,C0014,(장애인) 장애유형별거주시설,장애인거주시설,서울특별시 서초구 헌릉로468길 21-16  ,37.6495893,127.0804566
늘편한집,C0029,(장애인) 중증장애인거주시설,장애인거주시설,서울특별시 노원구 중계로 163(중계본동),37.491434,127.1466515
임마누엘집,C0030,(장애인) 장애유형별거주시설,장애인거주시설,서울특별시 송파구 양산로10길 26,37.491434,127.1466515
임마누엘보호작업시설,C0031,(장애인) 장애인보호작업장,장애인직업재활시설,서울특별시 송파구 양산로10길 26,37.5576791,127.158649
아름해든집,C0054,(장애인) 중증장애인거주시설,장애인거주시설,서울특별시 강동구 고덕로 295-45(고덕동나동),37.4914422,127.1456654
신아재활원,C0057,(장애인) 장애유형별거주시설,장애인거주시설,서울특별시 송파구 양산로8길 17,37.5602563,127.1585555
우성원,C0073,(장애인) 장애유형별거주시설,장애인거주시설,서울특별시 강동구 고덕로 295-45(고덕2동),37.6552809,126.5800806
해맑은마음터,C0075,(장애인) 중증장애인거주시설,장애인거주시설,경기도 김포시 대곶면 율생중앙로 89 ,37.5484081,126.981314
영락애니아의집,C0083,(장애인) 중증장애인거주시설,장애인거주시설,서울특별시 용산구 후암로4길 70(후암동),37.6092988,126.9237308
사랑의집,C0084,(장애인) 장애인주간보호시설,장애인지역사회재활시설,서울특별시 은평구 역말로10길 30-1오병이어복지관 1층,37.5582424,127.1314208
암사재활원,C0086,(장애인) 중증장애인거주시설,장애인거주시설,서울특별시 강동구 올림픽로 864(암사3동),38.1890767,127.3677467
문혜장애인요양원,C0093,(장애인) 중증장애인거주시설,장애인거주시설,강원도 철원군 갈말읍 텃골1길 13문혜장애인요양원 ,37.0631862,127.9708368
참 좋은집,C0141,(장애인) 중증장애인거주시설,장애인거주시설,충청북도 충주시 산척면 지속골길 71 ,37.6056209,126.907072
은평재활원,C0170,(장애인) 장애유형별거주시설,장애인거주시설,서울특별시 은평구 갈현로11길 30,37.5108575,127.0294875
오틸리아 공동생활가정,C0189,(장애인) 장애인공동생활가정,장애인거주시설,서울특별시 강남구 학동로26길 15401호 (논현동),37.8663601,127.2505847
생수의집,C0190,(장애인) 중증장애인거주시설,장애인거주시설,경기 포천시 군내면청군로 2813-18(직두리 155-5),37.4192954,127.2871091
에스알씨(SRC)보듬터,C0203,(장애인) 장애유형별거주시설,장애인거주시설,경기도 광주시 경수길 25-0SRC보듬터,37.4881278,126.9882902
새빛바울의집,C0208,(장애인) 장애유형별거주시설,장애인거주시설,서울특별시 서초구 방배중앙로 99 (방배동)(방배동),37.616835,126.9311788
바르티매오공동생활가정,C0209,(장애인) 장애인공동생활가정,장애인거주시설,서울특별시 은평구 불광로9가길 4302호 (불광동),38.1911749,127.3679984
은혜장애인요양원,C0216,(장애인) 중증장애인거주시설,장애인거주시설,강원 철원군 갈말읍 텃골1길 19호,37.590027,127.0804199
동천하우스5,C0239,(장애인) 장애인공동생활가정,장애인거주시설,서울특별시 중랑구 동일로104길 3-3301호,37.5481125,126.85254
교남소망의집,C0246,(장애인) 장애유형별거주시설,장애인거주시설,서울특별시 강서구 까치산로22길 38-0,37.6467164,127.0844502
베데스다의 집,C0252,(장애인) 장애인공동생활가정,장애인거주시설,서울특별시 노원구 중계로8길 39-0211동110호(중계동현대그린아파트),37.6363779,127.0776294
베데스다장애인주간보호센터,C0253,(장애인) 장애인주간보호시설,장애인지역사회재활시설,서울특별시 노원구 공릉로58마길 27나눔아트센터 2층 (하계동),37.5988663,127.093874
아름다운,C0268,(장애인) 장애인보호작업장,장애인직업재활시설,서울특별시 중랑구 망우로55길 32한국프라우드아파트 103호,37.4789943,127.0243414
신망애의집,C0270,(장애인) 장애인단기거주시설,장애인거주시설,서울특별시 서초구 남부순환로342길 56-58  ,37.0631862,127.9708368
마리스타보호작업장,C0287,(장애인) 장애인보호작업장,장애인직업재활시설,충청북도 충주시 지속골길 71,37.6293439,127.0395021
강북구립장애인보호작업장,C0290,(장애인) 장애인보호작업장,장애인직업재활시설,서울특별시 강북구 오현로 199-9 (번동),37.4114534,127.3144031
한사랑장애영아원,C0298,(장애인) 장애영유아거주시설,장애인거주시설,경기도 광주시 초월읍 산수로554번길 59-14 ,37.5278258,126.9678891
용산구립장애인보호작업장,C0299,(장애인) 장애인보호작업장,장애인직업재활시설,서울특별시 용산구 한강대로 3311~2층,37.4631869,127.0525454
다니엘의집1호,C0300,(장애인) 장애인공동생활가정,장애인거주시설,서울특별시 서초구 염곡안길 19201호,37.4622984,127.0515305
다니엘의집2호,C0301,(장애인) 장애인공동생활가정,장애인거주시설,서울특별시 서초구 염곡안길 19-0302호,37.4603732,127.0921844
다니엘주간보호센터,C0309,(장애인) 장애인주간보호시설,장애인지역사회재활시설,서울특별시 서초구 헌릉로468길 21-16(내곡동),37.4603732,127.0921844
다니엘단기보호센터,C0310,(장애인) 장애인단기거주시설,장애인거주시설,서울특별시 서초구 헌릉로468길 21-16(내곡동),37.4967275,127.152055
사랑나눔주간보호시설,C0343,(장애인) 장애인주간보호시설,장애인지역사회재활시설,서울특별시 송파구 마천로51길 283층,37.4603732,127.0921844
다니엘직업재활원,C0355,(장애인) 장애인근로사업장,장애인직업재활시설,서울특별시 서초구 헌릉로468길 21-16,37.644436,127.0733938
동천,C0362,(장애인) 장애인근로사업장,장애인직업재활시설,서울특별시 노원구 노원로18길 41하계동,37.6448602,127.0705694
노원교육복지재단(다모인),C0373,(장애인) 장애인보호작업장,장애인직업재활시설,서울특별시 노원구 노원로 311중계제1공단 301호,37.4974936,126.907977
영등포구 장애인사랑나눔의 집,C0384,(장애인) (기타)장애인복지시설,장애인기타,서울특별시 영등포구 신길로 55,37.6041626,127.096064
원광보호작업장,C0388,(장애인) 장애인보호작업장,장애인직업재활시설,서울특별시 중랑구 신내로 56마동,37.6043036,127.0982379
참좋은센터,C0396,(장애인) 장애인보호작업장,장애인직업재활시설,서울특별시 중랑구 봉화산로56길 99-15(신내동),37.4915192,127.1456775
신아보호작업장,C0401,(장애인) 장애인보호작업장,장애인직업재활시설,서울특별시 송파구 양산로8길 17신아보호작업장,37.5688397,126.851018
늘푸른나무복지관,C0421,(장애인) 장애인복지관,장애인지역사회재활시설,서울특별시 강서구 허준로5길 37  -0,37.6045705,127.0807472
조은세상,C0423,(장애인) 장애인보호작업장,장애인직업재활시설,서울특별시 중랑구 동일로140길 31-21(2층3층),37.642332,127.0566646
서울시립북부장애인종합복지관,C0454,(장애인) 장애인복지관,장애인지역사회재활시설,서울특별시 노원구 덕릉로70가길 92(상계67동 771번지)(상계동),37.4936667,126.9187979
서울시립남부장애인종합복지관,C0455,(장애인) 장애인복지관,장애인지역사회재활시설,서울특별시 동작구 신대방2동395 보라매공원내,37.4639097,126.8963162
금천장애인종합복지관,C0464,(장애인) 장애인복지관,장애인지역사회재활시설,서울특별시 금천구 시흥대로101길 17,37.4114534,127.3144031
한사랑마을,C0485,(장애인) 중증장애인거주시설,장애인거주시설,경기도 광주시 산수로554번길 59-14(영등포구),37.4522185,126.9050166
볕바라기주간보호센터,C0488,(장애인) 장애인주간보호시설,장애인지역사회재활시설,서울특별시 금천구 금하로18길 8-1 (시흥동),37.5627706,127.064716
데일리스보호작업시설,C0493,(장애인) 장애인보호작업장,장애인직업재활시설,서울특별시 동대문구 천호대로83길 14장안동,37.6331368,127.035906
번동코이노니아장애인보호작업시설,C0495,(장애인) 장애인보호작업장,장애인직업재활시설,서울특별시 강북구 한천로115길 20-0501동 2층,37.6395604,127.0145544
소망의집,C0496,(장애인) 장애인공동생활가정,장애인거주시설,서울특별시 강북구 인수봉로64길 30302호303호(수유동),37.4991639,126.9466497
삼성떡프린스,C0498,(장애인) 장애인보호작업장,장애인직업재활시설,서울특별시 동작구 양녕로30길 19-4      ,37.6495893,127.0804566
더홈,C0507,(장애인) 장애유형별거주시설,장애인거주시설,서울특별시 노원구 중계로 163-0(중계본동),37.6804647,127.0568157
쉼터요양원,C0512,(장애인) 중증장애인거주시설,장애인거주시설,서울특별시 노원구 동일로248길 30,37.6080397,126.9083279
서울특별시립평화로운집,C0518,(장애인) 중증장애인거주시설,장애인거주시설,서울특별시 은평구 갈현로 15길 27-1 (구산동 산61-8번지),37.9983432,126.9892339
교남어유지동산,C0523,(장애인) 장애인근로사업장,장애인직업재활시설,경기도 파주시 적성면 어못내길 94-44(적성면 교남어유지동산) ,37.5511064,127.1646653
주몽재활원,C0527,(장애인) 장애유형별거주시설,장애인거주시설,서울특별시 강동구 상암로 369-0(상일동),37.5263065,127.0306186
소망제이앤피,C0538,(장애인) 장애인보호작업장,장애인직업재활시설,서울특별시 강남구 언주로167길 351층,37.6058574,126.9071791
은평기쁨의집,C0541,(장애인) 장애유형별거주시설,장애인거주시설,서울특별시 은평구 갈현로11길 30은평기쁨의집,37.6495893,127.0804566
보담터,C0587,(장애인) 장애인보호작업장,장애인직업재활시설,서울특별시 노원구 중계로 163-0보담터,37.5989043,126.9099572
민들레울공동생활가정,C0597,(장애인) 장애인공동생활가정,장애인거주시설,서울특별시 은평구 갈현로11길 46101동 303호 (구산동 경남 아너스빌),37.5706509,126.913781
시립서대문농아인복지관,C0613,(장애인) 장애인복지관,장애인지역사회재활시설,서울특별시 서대문구 수색로4가길 23(남가좌동),37.5900378,127.0297702
승가원장애아동시설,C0622,(장애인) 중증장애인거주시설,장애인거주시설,서울특별시 성북구 개운사길 76-1(안암동),37.5576791,127.158649
라온클린패밀리,C0649,(장애인) 장애인보호작업장,장애인직업재활시설,서울특별시 강동구 고덕로 295-45(고덕동),37.5516714,126.972922
용산구립장애인주간보호센터,C0654,(장애인) 장애인주간보호시설,장애인지역사회재활시설,서울특별시 용산구 한강대로 3313층,37.7685919,127.2906283
송천한마음의집,C0656,(장애인) 중증장애인거주시설,장애인거주시설,경기도 남양주시 수동면 비룡로1742번길 95 ,37.474762,126.9221968
두레네집공동생활가정,C0661,(장애인) 장애인공동생활가정,장애인거주시설,서울특별시 관악구 법원단지길 97-3,37.6173084,127.0836351
중랑구립직업재활센터,C0685,(장애인) 장애인보호작업장,장애인직업재활시설,서울특별시 중랑구 숙선옹주로9길 55(묵동),37.4938802,127.1551765
송파인성장애인복지관,C0688,(장애인) 장애인복지관,장애인지역사회재활시설,서울특별시 송파구 마천로61길 26송파인성장애인복지관,37.4998084,127.0239881
사랑의복지관,C0689,(장애인) 장애인복지관,장애인지역사회재활시설,서울특별시 서초구 강남대로 65길 19  ,37.6045777,127.0457846
성북장애인복지관,C0700,(장애인) 장애인복지관,장애인지역사회재활시설,서울특별시 성북구 화랑로 130　,37.6280504,127.0157156
한빛맹아원,C0739,(장애인) 장애유형별거주시설,장애인거주시설,서울특별시 강북구 삼양로73가길 47삼양로73가길 47,37.4352349,126.9064065
하누리주간보호센터,C0740,(장애인) 장애인주간보호시설,장애인지역사회재활시설,서울특별시 금천구 시흥대로2길57 (시흥동),37.6363909,127.0157801
헬렌켈러의집단기거주시설,C0741,(장애인) 장애인단기거주시설,장애인거주시설,서울특별시 강북구 삼양로91가길 8 (수유동 js홈타운) 2동 302 401 402호,37.6317707,127.0217754
헬렌켈러의집주간보호,C0743,(장애인) 장애인주간보호시설,장애인지역사회재활시설,서울특별시 강북구 삼양로80길 73층,37.4603732,127.0921844
다니엘사랑이용센터,C0744,(장애인) 장애인주간보호시설,장애인지역사회재활시설,서울특별시 서초구 헌릉로468길 21-16 (내곡동)(내곡동),37.5111601,127.0171551
다니엘의집3호,C0745,(장애인) 장애인공동생활가정,장애인거주시설,서울특별시 서초구 신반포로43길 154층401호 (잠원동 동양텔)(잠원동 동양텔),37.5736003,126.9227651
다솜장애인공동생활가정,C0746,(장애인) 장애인공동생활가정,장애인거주시설,서울특별시 서대문구 가재울로6길 16101동 301호 (남가좌동)(남가좌동),37.5913314,126.9348497
아이티장애인공동생활가정,C0747,(장애인) 장애인공동생활가정,장애인거주시설,서울특별시 서대문구 연희로41길 61-061  가동 201호302호,37.5772949,126.9276712
다솜장애인주간보호센터,C0748,(장애인) 장애인주간보호시설,장애인지역사회재활시설,서울특별시 서대문구 증가로4길 531층,37.5169838,126.8765399
신목장애인주간보호시설,C0750,(장애인) 장애인주간보호시설,장애인지역사회재활시설,서울특별시 양천구 신목로 5(신정2동1278-1),37.6333548,127.0162541
디딤자리,C0754,(장애인) 장애영유아거주시설,장애인거주시설,서울특별시 강북구 덕릉로12길 13(수유동),37.5613094,127.1546484
너울자리,C0756,(장애인) 장애인공동생활가정,장애인거주시설,서울특별시 강동구 동남로85길 153층,37.5613094,127.1546484
보금자리,C0757,(장애인) 장애인공동생활가정,장애인거주시설,서울특별시 강동구 동남로85길 154층,37.5613094,127.1546484
하늘자리공동생활가정,C0758,(장애인) 장애인공동생활가정,장애인거주시설,서울특별시 강동구 동남로85길 152층,37.6819038,127.0431986
주바라기해피홈,C0770,(장애인) 장애인주간보호시설,장애인지역사회재활시설,서울특별시 도봉구 도봉로169가길 45도봉동,37.6739388,127.05068
동천하우스1,C0778,(장애인) 장애인공동생활가정,장애인거주시설,서울특별시 노원구 동일로237바길 8301호 (상계동),37.6508762,127.0618329
동천하우스2,C0779,(장애인) 장애인공동생활가정,장애인거주시설,서울특별시 노원구 한글비석로24바길 98지성리치빌 201호,37.6304778,127.0901988
해맑음보호작업시설,C0783,(장애인) 장애인보호작업장,장애인직업재활시설,서울특별시 노원구 동일로 1097(공릉동),37.6413321,127.0296568
강북구수어통역센터,C0793,(장애인) 수어통역센터,장애인지역사회재활시설,서울특별시 강북구 도봉로 3885층 (번동테마빌딩),37.6262044,127.0719956
사랑의집 공동생활가정,C0794,(장애인) 장애인공동생활가정,장애인거주시설,서울특별시 노원구 동일로193길 8-0701호,37.6262792,127.0714309
그루터기공동생활가정,C0795,(장애인) 장애인공동생활가정,장애인거주시설,서울특별시 노원구 동일로191가길 26-0남청파인힐 101동 203호,37.4786585,126.9435529
관악구수어통역센터,C0798,(장애인) 수어통역센터,장애인지역사회재활시설,서울특별시 관악구 쑥고개로 1281층 (봉천동),37.657013,127.0462042
도봉구수어통역센터,C0799,(장애인) 수어통역센터,장애인지역사회재활시설,서울특별시 도봉구 마들로13길 153옥산빌딩 4층 (창동),37.6519919,127.0332904
동천하우스4,C0801,(장애인) 장애인공동생활가정,장애인거주시설,서울특별시 도봉구 도봉로137길 462층(쌍문동),37.6734529,127.0414802
동천하우스3,C0802,(장애인) 장애인공동생활가정,장애인거주시설,서울특별시 도봉구 시루봉로23길 64301호,37.5606488,126.9616867
서울특별시수어통역센터지원본부,C0808,(장애인) 수어통역센터,장애인지역사회재활시설,서울특별시 서대문구 경기대로 15엘림넷빌딩 3층 (충정로3가),37.6945202,127.0421215
인강원,C0812,(장애인) 장애유형별거주시설,장애인거주시설,서울특별시 도봉구 평화로15번길 9-25(도봉구),37.6663996,127.0697408
가브리엘작업장,C0833,(장애인) 장애인보호작업장,장애인직업재활시설,서울특별시 노원구 한글비석로24라길 94-13,37.6663996,127.0697408
가브리엘주간보호센터,C0835,(장애인) 장애인주간보호시설,장애인지역사회재활시설,서울특별시 노원구 한글비석로24라길 94-13 (상계동),37.5742104,127.001139
더해봄(종로구립장애인근로사업장),C0858,(장애인) 장애인근로사업장,장애인직업재활시설,서울특별시 종로구 대학로3길 141층 (효제동),37.644436,127.0733938
발달장애인단기거주시설 동천휴,C0907,(장애인) 장애인단기거주시설,장애인거주시설,서울특별시 노원구 노원로18길 41하계동,37.644436,127.0733938
동천발달장애인주간활동센터,C0908,(장애인) 장애인주간보호시설,장애인지역사회재활시설,서울특별시 노원구 노원로18길 41(하계동),37.6423321,127.0566646
섬김주간보호센터,C0913,(장애인) 장애인주간보호시설,장애인지역사회재활시설,서울특별시 노원구 덕릉로70가길 92서울특별시립북부장애인복지관내 1층,37.642332,127.0566646
북부장애인직업재활시설,C0939,(장애인) 장애인보호작업장,장애인직업재활시설,서울특별시 노원구 덕릉로70가길 92 (상계동),37.6804647,127.0568157
대린직업훈련원,C0950,(장애인) 장애인직업적응훈련시설,장애인직업재활시설,서울특별시 노원구 동일로248길 30상계동,37.6074652,126.9094959
위드주간보호센터,C0975,(장애인) 장애인주간보호시설,장애인지역사회재활시설,서울특별시 은평구 갈현로15길 11-131층,37.6079312,126.9082467
시온공동생활가정,C0982,(장애인) 장애인공동생활가정,장애인거주시설,서울특별시 은평구 갈현로15길 24-5301호,37.5953909,126.9115881
은평공동생활가정,C0985,(장애인) 장애인공동생활가정,장애인거주시설,서울특별시 은평구 증산로19길 28-82층,37.4903793,126.9304658
꽃새암,C1014,(장애인) 장애인공동생활가정,장애인거주시설,서울특별시 관악구 봉천로13길 29-28201호,37.4901546,126.9419474
꽃가람,C1016,(장애인) 장애인공동생활가정,장애인거주시설,서울특별시 관악구 국회단지21길 13301호,37.5248217,127.1309508
소망그룹홈,C1035,(장애인) 장애인공동생활가정,장애인거주시설,서울특별시 강동구 양재대로91나길 37301호,37.497709,127.1463451
동안제일복지센터,C1036,(장애인) 장애인보호작업장,장애인직업재활시설,서울특별시 송파구 거마로 792층 (마천동),37.5320746,127.1383693
강동그룹홈,C1040,(장애인) 장애인공동생활가정,장애인거주시설,서울특별시 강동구 양재대로 1414-8301호,37.5317415,127.1139363
송파그룹홈,C1042,(장애인) 장애인공동생활가정,장애인거주시설,서울특별시 송파구 토성로5길 16-1201호,37.5305788,127.1316457
동안우리복지센터,C1043,(장애인) 장애인보호작업장,장애인직업재활시설,서울특별시 강동구 풍성로 1462층 (성내동),37.7379171,126.6928372
사회복지법인 에덴복지재단 에덴하우스,C1044,(장애인) 장애인근로사업장,장애인직업재활시설,경기도 파주시 소라지로195번길 47-30(신촌동),37.5465885,127.1441673
해피죤,C1071,(장애인) 장애인주간보호시설,장애인지역사회재활시설,서울특별시 강동구 상암로 195에이플러스 5층 502호,37.5843169,126.9076398
바오로교실주간보호센터,C1077,(장애인) 장애인주간보호시설,장애인지역사회재활시설,서울특별시 은평구 증산로5길 7 (증산동),37.5843169,126.9076398
바오로교실보호작업장,C1078,(장애인) 장애인보호작업장,장애인직업재활시설,서울특별시 은평구 증산로5길 7 (증산동),37.5494256,126.8515443
열림일터,C1081,(장애인) 장애인보호작업장,장애인직업재활시설,서울특별시 강서구 까치산로 136,37.6287149,127.0581509
아람마을,C1090,(장애인) 장애인보호작업장,장애인직업재활시설,서울특별시 노원구 월계로 338-16,37.6052807,126.927005
은평구립직업재활센터,C1110,(장애인) 장애인보호작업장,장애인직업재활시설,서울특별시 은평구 녹번로1길 131층 (녹번동)(녹번동),37.6233027,126.9261241
불광작은예수의집,C1111,(장애인) 장애인단기거주시설,장애인거주시설,서울특별시 은평구 연서로37길 21-5,37.5932534,127.0170041
성북구수어통역센터,C1132,(장애인) 수어통역센터,장애인지역사회재활시설,서울특별시 성북구 아리랑로4길 22201호 (동선동4가),37.5431512,127.1344386
아이비주간보호시설,C1143,(장애인) 장애인주간보호시설,장애인지역사회재활시설,서울특별시 강동구 천중로 874층 (천호동),37.545639,127.1319718
아이비장애인단기보호시설,C1144,(장애인) 장애인단기거주시설,장애인거주시설,서울특별시 강동구 구천면로39길 122층 (천호동),37.5354581,127.1373993
파란마음복지센터,C1147,(장애인) 장애인보호작업장,장애인직업재활시설,서울특별시 강동구 진황도로 100하이브 313호~316호,37.488767,126.9412352
함께사는세상,C1172,(장애인) 장애인보호작업장,장애인직업재활시설,서울특별시 관악구 국회단지길 671층,37.5653825,126.9151468
한벗둥지,C1173,(장애인) 장애인단기거주시설,장애인거주시설,서울특별시 마포구 월드컵북로12길 98 (성산동),37.6496931,127.0802905
사랑샘단기보호소,C1193,(장애인) 장애인단기거주시설,장애인거주시설,서울특별시 노원구 중계로 163천애재활원 1층 ,37.5226416,126.8732479
하은장애인주간보호시설,C1199,(장애인) 장애인주간보호시설,장애인지역사회재활시설,서울특별시 양천구 신목로 203층,37.4594062,126.9009523
기쁨이 싹트는 나무,C1208,(장애인) 장애인공동생활가정,장애인거주시설,서울특별시 금천구 시흥대로80길 19-11,37.502725,126.8605614
참좋은집 장애인공동생활가정,C1210,(장애인) 장애인공동생활가정,장애인거주시설,서울특별시 구로구 중앙로5길 62-0 104동 902호,37.5012208,126.8541933
신나는 집 장애인공동생활가정,C1211,(장애인) 장애인공동생활가정,장애인거주시설,서울특별시 구로구 고척로52라길 19-7201호 (개봉동),37.5543862,127.0112822
제4샬롬장애인공동생활가정,C1212,(장애인) 장애인공동생활가정,장애인거주시설,서울특별시 중구 동호로15가길 373층 (신당동),37.4938744,126.8331524
예은장애인주간보호시설,C1213,(장애인) 장애인주간보호시설,장애인지역사회재활시설,서울특별시 구로구 부일로15길 25-5금강빌딩 4층,37.521972,126.8770195
예은장애인공동생활가정,C1214,(장애인) 장애인공동생활가정,장애인거주시설,서울특별시 양천구 신목로2길 47 (신정동) 3층,37.5333014,126.8667153
다은장애인공동생활가정,C1215,(장애인) 장애인공동생활가정,장애인거주시설,서울특별시 양천구 목동중앙서로9길 20-0한강베스트빌401호,37.5303308,127.1247509
강동단기보호시설,C1221,(장애인) 장애인단기거주시설,장애인거주시설,서울특별시 강동구 성내로3가길 892층,37.655541,127.0694807
성민장애인주간보호소,C1230,(장애인) 장애인주간보호시설,장애인지역사회재활시설,서울특별시 노원구 노원로32길 42-20,37.4996111,126.8432355
라온채,C1231,(장애인) 장애인단기거주시설,장애인거주시설,서울특별시 구로구 고척로12길 15-4 (오류동),37.6041995,127.036822
해피워크,C1245,(장애인) 장애인보호작업장,장애인직업재활시설,서울특별시 성북구 오패산로 21-04층,37.5390134,127.1466761
아이티어빌리티센터,C1255,(장애인) 장애인보호작업장,장애인직업재활시설,서울특별시 강동구 명일로 230삼보프리빌 301호,37.623836,126.9188121
기원주간보호센터,C1257,(장애인) 장애인주간보호시설,장애인지역사회재활시설,서울특별시 은평구 통일로87길 6-19,37.6005993,126.9157454
한마음 주간보호센터,C1274,(장애인) 장애인주간보호시설,장애인지역사회재활시설,서울특별시 은평구 연서로17길 473층,37.5718624,127.0503069
하늘꿈터,C1304,(장애인) 장애인단기거주시설,장애인거주시설,서울특별시 동대문구 사가정로25길 294층 (장안동)(장안동),37.5204524,126.9910848
용산구수어통역센터,C1307,(장애인) 수어통역센터,장애인지역사회재활시설,서울특별시 용산구 서빙고로 245 (서빙고동),37.5184415,126.9157566
시립영등포장애인복지관,C1309,(장애인) 장애인복지관,장애인지역사회재활시설,서울특별시 영등포구 버드나루로 22(영등포동2가),37.6189132,127.080284
다운주간보호센터,C1316,(장애인) 장애인주간보호시설,장애인지역사회재활시설,서울특별시 노원구 화랑로 478,37.5101564,126.8971614
모랫말꿈터,C1366,(장애인) 장애인주간보호시설,장애인지역사회재활시설,서울특별시 영등포구 도영로 37 (도림동),37.5542721,127.1365361
강동그린나래복지센터,C1372,(장애인) 장애인보호작업장,장애인직업재활시설,서울특별시 강동구 고덕로 100-5(암사동),37.1794647,127.4683886
새생명의집,C1392,(장애인) 중증장애인거주시설,장애인거주시설,경기도 이천시 공원로 288-70(모가면 원두리 371),37.5091633,126.9079088
성프란치스꼬민들레의집,C1398,(장애인) 장애인공동생활가정,장애인거주시설,서울특별시 영등포구 도신로 146-3 1층(신길동)101102호,37.4807455,126.8902299
햇살터(성프란치스꼬),C1401,(장애인) 장애인주간보호시설,장애인지역사회재활시설,서울특별시 구로구 남부순환로105라길 25-103층,37.5139327,127.1192906
한마음2호공동생활가정,C1413,(장애인) 장애인공동생활가정,장애인거주시설,서울특별시 송파구 위례성대로8길 46301호,37.4501637,126.9027365
금천단기보호센터,C1416,(장애인) 장애인단기거주시설,장애인거주시설,서울특별시 금천구 시흥대로 182-0 3층 ,37.6299174,127.0604597
노원1장애인주간보호센터,C1422,(장애인) 장애인주간보호시설,장애인지역사회재활시설,서울특별시 노원구 월계로 372단지 내 복지관 2층 (월계동 월계사슴1단지아파트),37.6379195,127.0202728
다사랑공동생활가정,C1423,(장애인) 장애인공동생활가정,장애인거주시설,서울특별시 강북구 노해로7길 42-5 (수유동)(수유동),37.5562617,126.8651068
다향공동생활가정,C1425,(장애인) 장애인공동생활가정,장애인거주시설,서울특별시 강서구 양천로 595101동 1102호 (염창동 염창금호타운아파트)(염창동 염창금호타운아파트),37.4824743,126.9346872
나자로의집보호작업장,C1427,(장애인) 장애인보호작업장,장애인직업재활시설,서울특별시 관악구 남부순환로194길 811층,37.6795501,127.0522368
북부(종합사회복지관)장애인주간보호센터,C1430,(장애인) 장애인주간보호시설,장애인지역사회재활시설,서울특별시 노원구 동일로245길 56상계1동 1257번지 (상계동 북부종합사회복지관),37.4830195,126.9411664
실로암장애인근로사업장,C1439,(장애인) 장애인근로사업장,장애인직업재활시설,서울특별시 관악구 남부순환로 1717 (봉천동),37.3164594,127.3492521
성분도보호작업장,C1448,(장애인) 장애인보호작업장,장애인직업재활시설,경기도 광주시 국사봉로 159-10,37.643166,127.0698473
중계1호,C1449,(장애인) 장애인공동생활가정,장애인거주시설,서울특별시 노원구 노원로19길 31410동 108호 (중계동 목화아파트),37.643166,127.0698473
중계2호,C1450,(장애인) 장애인공동생활가정,장애인거주시설,서울특별시 노원구 노원로19길 31412동 105호 (중계동 목화아파트 4단지),37.6678457,127.0783464
상계(종합사회복지관)장애인주간보호센터,C1451,(장애인) 장애인주간보호시설,장애인지역사회재활시설,서울특별시 노원구 덕릉로115나길 25상계종합사회복지관 3층 장애인주간보호센터,37.6464877,127.0691703
평화장애인주간활동센터,C1452,(장애인) 장애인주간보호시설,장애인지역사회재활시설,서울특별시 노원구 노원로 331평화종합사회복지관 내 (중계동 시영3단지목련아파트),37.4978753,126.9078394
영등포구주간보호센터,C1457,(장애인) 장애인주간보호시설,장애인지역사회재활시설,서울특별시 영등포구 신길로 553층,37.4319835,127.1773787
에스알씨(SRC)직업재활센터,C1461,(장애인) 장애인보호작업장,장애인직업재활시설,경기도 성남시 중원구 둔촌대로 545-0한라시그마밸리 1006호 1007호,37.5996604,126.9110964
임마누엘신사공동체,C1469,(장애인) 장애인공동생활가정,장애인거주시설,서울특별시 은평구 갈현로2가길 13402호,37.6013159,126.9173431
임마누엘역촌공동체,C1470,(장애인) 장애인공동생활가정,장애인거주시설,서울특별시 은평구 진흥로1길 13-19,37.4936667,126.9187979
서울남부주간보호센터,C1471,(장애인) 장애인주간보호시설,장애인지역사회재활시설,서울특별시 동작구 여의대방로20길 33보라매공원 내 (신대방동),37.510379,126.9132061
남부장애인공동생활가정1호,C1478,(장애인) 장애인공동생활가정,장애인거주시설,서울특별시 영등포구 도신로48길 9-13501호 (신길동 다인주택)(신길동 다인주택),37.5134509,126.9065953
남부장애인공동생활가정2호,C1479,(장애인) 장애인공동생활가정,장애인거주시설,서울특별시 영등포구 영신로17길 16-016(영등포동 401호),37.5190384,126.8402161
한빛장애인주간보호센터,C1481,(장애인) 장애인주간보호시설,장애인지역사회재활시설,서울특별시 양천구 신월로11길 16.,37.4487019,126.9045503
관음의 집,C1483,(장애인) 장애인공동생활가정,장애인거주시설,서울특별시 금천구 독산로14길 13201호,37.4487019,126.9045503
지장의 집,C1485,(장애인) 장애인공동생활가정,장애인거주시설,서울특별시 금천구 독산로14길 13301호,37.6596708,127.0677031
노원시각장애인주간보호센터,C1495,(장애인) 장애인주간보호시설,장애인지역사회재활시설,서울특별시 노원구 상계로23길 42 (상계동),37.6041626,127.096064
원광장애인주간보호시설,C1496,(장애인) 장애인주간보호시설,장애인지역사회재활시설,서울특별시 중랑구 신내로 56 (신내동),37.4936667,126.9187979
보라매주간보호센터,C1498,(장애인) 장애인주간보호시설,장애인지역사회재활시설,서울특별시 동작구 여의대방로20길 33보라매공원 내 (신대방동),37.6051391,126.9075414
서부장애인복지관주간보호센터,C1500,(장애인) 장애인주간보호시설,장애인지역사회재활시설,서울특별시 은평구 갈현로11길 30 (구산동),37.5509,127.0974583
정립회관주간보호센터,C1501,(장애인) 장애인주간보호시설,장애인지역사회재활시설,서울특별시 광진구 워커힐로 93 정립회관 내 ,37.4947999,127.1156724
강서구수어통역센터,C1503,(장애인) 수어통역센터,장애인지역사회재활시설,서울특별시 강서구 발산로 404층 7~8호419호~421호(서울농수산식품공사강서지사) (외발산동),37.4917392,126.8842933
구로구수어통역센터,C1504,(장애인) 수어통역센터,장애인지역사회재활시설,서울특별시 구로구 가마산로 2724층 (구로동),37.4992164,127.0949926
삼전주간보호시설,C1507,(장애인) 장애인주간보호시설,장애인지역사회재활시설,서울특별시 송파구 백제고분로32길 35삼전종합복지관 3층 삼전주간보호시설,37.4961386,126.886847
브니엘의 집,C1510,(장애인) 장애유형별거주시설,장애인거주시설,서울특별시 구로구 구로중앙로21길 22-1,37.6689522,127.0811223
이수경하우스,C1517,(장애인) 장애인공동생활가정,장애인거주시설,서울특별시 노원구 덕릉로122길 15-4202호 (상계동),37.5247175,127.1175084
송파시각장애인축구장,C1520,(장애인) 장애인체육시설,장애인지역사회재활시설,서울특별시 송파구 올림픽로 474,37.4964245,127.1003181
송파구장애인운전교육원,C1521,(장애인) 장애인수련시설,장애인지역사회재활시설,서울특별시 송파구 삼학사로2길 49 (가락동),37.4612487,126.9119316
임마누엘시흥공동체,C1536,(장애인) 장애인공동생활가정,장애인거주시설,서울특별시 금천구 독산로50마길 19-10성은빌라 201호 (시흥동),37.4576856,126.9010912
임마누엘독산공동체,C1537,(장애인) 장애인공동생활가정,장애인거주시설,서울특별시 금천구 시흥대로118길 44302호 (독산동 정우파크빌라),37.5237321,126.8444838
임마누엘신월공동체,C1538,(장애인) 장애인공동생활가정,장애인거주시설,서울특별시 양천구 오목로11길 9나동 501호 (신월동 우정쉐르빌),37.5245492,126.8539712
임마누엘신정공동체,C1539,(장애인) 장애인공동생활가정,장애인거주시설,서울특별시 양천구 오목로 148-34301호 (신정동 오성이지빌),37.4990996,126.8448736
임마누엘개봉공동체,C1540,(장애인) 장애인공동생활가정,장애인거주시설,서울특별시 구로구 고척로16가길 35102호 (개봉동 선경빌라),37.4999984,126.8300706
임마누엘구로공동체,C1541,(장애인) 장애인공동생활가정,장애인거주시설,서울특별시 구로구 오리로22가길 38-6201호 (궁동 호수빌라트),37.5355161,126.8591405
임마누엘화곡1공동체,C1543,(장애인) 장애인공동생활가정,장애인거주시설,서울특별시 강서구 등촌로13다길 22-7 (화곡동),37.5339959,126.8491832
임마누엘화곡공동체,C1544,(장애인) 장애인공동생활가정,장애인거주시설,서울특별시 강서구 강서로10길 108301호 (화곡동 소망빌라),37.5554135,126.861558
임마누엘등촌1공동체,C1545,(장애인) 장애인공동생활가정,장애인거주시설,서울특별시 강서구 화곡로66길 145-15A동 201호 (등촌동 원상하이빌),37.5691778,126.8489398
기쁜우리복지관부설주간보호시설,C1546,(장애인) 장애인주간보호시설,장애인지역사회재활시설,서울특별시 강서구 허준로 65,37.5036111,127.0369444
충현복지관,C1549,(장애인) 장애인복지관,장애인지역사회재활시설,서울특별시 강남구 논현로98길 16충현복지관,37.4940068,127.0777343
해마을주간보호센터,C1556,(장애인) 장애인주간보호시설,장애인지역사회재활시설,서울특별시 강남구 개포로 617-8.,37.5792019,127.0867641
중랑구수어통역센터,C1561,(장애인) 수어통역센터,장애인지역사회재활시설,서울특별시 중랑구 면목로 299용마새마을금고 67층 (면목동),37.470327,127.1193059
성모자애 엠마우스공동생활가정 1,C1564,(장애인) 장애인공동생활가정,장애인거주시설,서울특별시 강남구 헌릉로757길 35 (율현동),37.470327,127.1193059
성모자애엠마우스공동생활가정3호,C1566,(장애인) 장애인공동생활가정,장애인거주시설,서울특별시 강남구 헌릉로757길 35 (율현동),37.470327,127.1193059
성모자애공동생활가정,C1567,(장애인) 장애인공동생활가정,장애인거주시설,서울특별시 강남구 헌릉로757길 35 (율현동),37.470327,127.1193059
성모자애주간보호시설,C1568,(장애인) 장애인주간보호시설,장애인지역사회재활시설,서울특별시 강남구 헌릉로757길 35.,37.470327,127.1193059
성모자애제2주간보호센터,C1569,(장애인) 장애인주간보호시설,장애인지역사회재활시설,서울특별시 강남구 헌릉로757길 35.,37.470327,127.1193059
성모자애보호작업장,C1570,(장애인) 장애인보호작업장,장애인직업재활시설,서울특별시 강남구 헌릉로757길 35,37.4850282,126.9694139
사랑손주간보호센터,C1572,(장애인) 장애인주간보호시설,장애인지역사회재활시설,서울특별시 동작구 사당로 188-7 (사당동),37.5372157,126.8821474
동작구립장애인보호작업장,C1583,(장애인) 장애인보호작업장,장애인직업재활시설,서울특별시 동작구 등용로12길 57동작구립장애인보호작업장,37.5704464,127.033811
성동주간보호센터,C1588,(장애인) 장애인주간보호시설,장애인지역사회재활시설,서울특별시 성동구 청계천로 506성동장애인종합복지관 1층 (마장동),37.5529222,127.0185414
성모보호작업장,C1589,(장애인) 장애인보호작업장,장애인직업재활시설,서울특별시 성동구 금호산9가길 57-10,37.5704464,127.033811
성동보호작업장,C1590,(장애인) 장애인보호작업장,장애인직업재활시설,서울특별시 성동구 청계천로 506-0성동장애인종합복지관 1층,37.5529157,127.0187327
성동장애인복지관공동생활가정(믿음의집),C1591,(장애인) 장애인공동생활가정,장애인거주시설,서울특별시 성동구 금호산9가길 57-102층,37.5529157,127.0187327
성동장애인복지관공동생활가정(소망의집),C1592,(장애인) 장애인공동생활가정,장애인거주시설,서울특별시 성동구 금호산9가길 57-103층,37.5529157,127.0187327
성동장애인복지관공동생활가정(사랑의집),C1593,(장애인) 장애인공동생활가정,장애인거주시설,서울특별시 성동구 금호산9가길 57-104층 (금호동2가),37.552251,127.0211812
성동장애인복지관 공동생활가정(기쁨의 집),C1594,(장애인) 장애인공동생활가정,장애인거주시설,서울특별시 성동구 무수막14길 10202호 (금호동2가 대우빌라),37.5700494,127.0809169
광진장애인보호작업장,C1607,(장애인) 장애인보호작업장,장애인직업재활시설,서울특별시 광진구 동일로80길 20,37.5842814,126.9070315
은평구수어통역센터,C1616,(장애인) 수어통역센터,장애인지역사회재활시설,서울특별시 은평구 증산서길 821층,37.5509,127.0974583
정립장애인보호작업장,C1620,(장애인) 장애인보호작업장,장애인직업재활시설,서울특별시 광진구 워커힐로 93정립회관 체육관 1층,37.549987,127.0972229
정립전자,C1621,(장애인) 장애인근로사업장,장애인직업재활시설,서울특별시 광진구 워커힐로 93정립전자,37.4961857,126.9268403
보라매그룹홈,C1645,(장애인) 장애인공동생활가정,장애인거주시설,서울특별시 동작구 보라매로13길 21301호,37.68537,127.0440835
자운그룹홈,C1653,(장애인) 장애인공동생활가정,장애인거주시설,서울특별시 도봉구 도봉로185길 14201호(도봉동),37.4745206,126.9842397
까리따스장애인주간보호센터,C1662,(장애인) 장애인주간보호시설,장애인지역사회재활시설,서울특별시 서초구 남부순환로 2124 (방배동),37.4856837,126.9873598
사랑의일터,C1675,(장애인) 장애인보호작업장,장애인직업재활시설,서울특별시 서초구 서초대로 351로뎀II빌딩 6층,37.5406968,126.8419911
교남공동생활가정4호,C1681,(장애인) 장애인공동생활가정,장애인거주시설,서울특별시 강서구 까치산로8길 44301호,37.5413329,126.842538
교남공동생활가정1호,C1684,(장애인) 장애인공동생활가정,장애인거주시설,서울특별시 강서구 까치산로16길 21301호,37.4920242,126.8206209
구로구립장애인보호작업장,C1685,(장애인) 장애인보호작업장,장애인직업재활시설,서울특별시 구로구 경인로 21 (온수동),37.644436,127.0733938
동천재활체육시설,C1686,(장애인) 장애인체육시설,장애인지역사회재활시설,서울특별시 노원구 노원로18길 41 (하계동),37.5417749,126.8481165
교남공동생활가정6호,C1687,(장애인) 장애인공동생활가정,장애인거주시설,서울특별시 강서구 초록마을로8길 18-62층 1호,37.5436685,126.8428277
교남공동생활가정5호,C1688,(장애인) 장애인공동생활가정,장애인거주시설,서울특별시 강서구 화곡로31길 5-6201호,37.4984991,127.0212456
서초구수어통역센터,C1689,(장애인) 수어통역센터,장애인지역사회재활시설,서울특별시 서초구 서운로23길 17명달공원 경로당내,37.4932342,126.9197115
서울남부보호작업장,C1692,(장애인) 장애인보호작업장,장애인직업재활시설,서울특별시 동작구 여의대방로20길 33 (신대방동),37.5555218,127.1484452
서울장애인종합복지관,C1693,(장애인) 장애인복지관,장애인지역사회재활시설,서울특별시 강동구 고덕로 201 (고덕동),37.642332,127.0566646
오뚜기뇌성마비인주간보호센터,C1695,(장애인) 장애인주간보호시설,장애인지역사회재활시설,서울특별시 노원구 덕릉로70가길 96 (상계67동771),37.5015746,127.138244
참사랑주간보호센터,C1696,(장애인) 장애인주간보호시설,장애인지역사회재활시설,서울특별시 송파구 마천로 893층,37.6330201,127.0363018
번동보호작업장,C1698,(장애인) 장애인보호작업장,장애인직업재활시설,서울특별시 강북구 한천로 115길 20501동(번동 주공),37.5574997,126.9837479
여성시각장애인주간보호센터,C1705,(장애인) 장애인주간보호시설,장애인지역사회재활시설,서울특별시 중구 소공로4길 15 (회현동2가),37.5491524,126.9404737
맑음터단기보호시설,C1709,(장애인) 장애인단기거주시설,장애인거주시설,서울특별시 마포구 백범로 73-11,37.5042046,127.1104039
연화직업재활원,C1712,(장애인) 장애인보호작업장,장애인직업재활시설,서울특별시 송파구 가락로 865층,37.4998084,127.0239881
사랑의복지관 재가복지봉사센터,C1714,(장애인) 장애인복지관,장애인지역사회재활시설,서울특별시 서초구 강남대로65길 19서초동,37.6643865,127.0691425
하하센터,C1721,(장애인) 장애인주간보호시설,장애인지역사회재활시설,서울특별시 노원구 한글비석로24가길 72-201층,37.4806312,127.0230233
서초구립주간이용센터,C1722,(장애인) 장애인주간보호시설,장애인지역사회재활시설,서울특별시 서초구 남부순환로340길 153층 (서초동),37.5829851,126.9666735
라파엘 주간보호시설,C1727,(장애인) 장애인주간보호시설,장애인지역사회재활시설,서울특별시 종로구 필운대로9나길 15-4 (옥인동),37.5607845,126.9603068
서대문주간보호시설,C1729,(장애인) 장애인주간보호시설,장애인지역사회재활시설,서울특별시 서대문구 북아현로4차길 4,37.57681,126.9333143
서은단기보호시설,C1730,(장애인) 장애인단기거주시설,장애인거주시설,서울특별시 서대문구 가좌로 19장목빌딩 402호 (연희동),37.5953909,126.9115881
브니엘공동생활가정,C1734,(장애인) 장애인공동생활가정,장애인거주시설,서울특별시 은평구 증산로19길 28-10301호 (신사동),37.5956606,126.9104394
벧엘공동생활가정,C1735,(장애인) 장애인공동생활가정,장애인거주시설,서울특별시 은평구 가좌로 312-11201호 (신사동),37.6564936,127.0760342
중계종합사회복지관장애인주간보호센터,C1742,(장애인) 장애인주간보호시설,장애인지역사회재활시설,서울특별시 노원구 덕릉로 662주공3단지 내,37.5067812,126.9052177
새생명장애인주간보호소,C1743,(장애인) 장애인주간보호시설,장애인지역사회재활시설,서울특별시 영등포구 도림로 310-1301 (신길동),37.5836166,127.0051441
비둘기주간보호시설,C1744,(장애인) 장애인주간보호시설,장애인지역사회재활시설,서울특별시 종로구 동숭4길 28비둘기재활센터 2층 (동숭동),37.5836166,127.0051441
비둘기직업적응훈련센터,C1745,(장애인) 장애인직업적응훈련시설,장애인직업재활시설,서울특별시 종로구 동숭4길 28 (동숭동),37.5587393,126.9867567
중구수어통역센터,C1746,(장애인) 수어통역센터,장애인지역사회재활시설,서울특별시 중구 퇴계로20길 41-11남산쉼터 2층,37.55897742,126.9867352
미술작은예수의집,C1747,(장애인) 장애인공동생활가정,장애인거주시설,서울특별시 송파구 가락로11길 12-6101호 (석촌동 화이트빌),37.5175666,126.9108655
영등포구수어통역센터,C1750,(장애인) 수어통역센터,장애인지역사회재활시설,서울특별시 영등포구 경인로112길 132층 (영등포동1가),37.6587743,127.0685054
노원구수어통역센터,C1751,(장애인) 수어통역센터,장애인지역사회재활시설,서울특별시 노원구 상계로23길 17윈터행복발전소 2층 (상계동),37.4944915,127.019544
(사)대한안마사협회부설안마수련원,C1753,(장애인) 장애인보호작업장,장애인직업재활시설,서울특별시 서초구 서초중앙로22길 105  ,37.6370282,127.0170402
한마음주간보호시설,C1757,(장애인) 장애인주간보호시설,장애인지역사회재활시설,서울특별시 강북구 삼양로 4323층 (수유동),37.6442106,127.0149472
한마음단기거주시설,C1758,(장애인) 장애인단기거주시설,장애인거주시설,서울특별시 강북구 삼양로119길 12201호 301호,37.5409685,126.9595512
햇빛자리,C1761,(장애인) 장애인주간보호시설,장애인지역사회재활시설,서울특별시 용산구 백범로47길 24 101호(효창동),37.5637278,126.9088528
마포장애인주간보호센터,C1762,(장애인) 장애인주간보호시설,장애인지역사회재활시설,서울특별시 마포구 성산로4길 35마포장애인종합복지관 (성산동),37.5569797,126.8987205
마포점자도서실,C1764,(장애인) (기타)장애인복지시설,장애인기타,서울특별시 마포구 망원2동 451-1,37.6502254,127.0374144
피어라희망센터,C1771,(장애인) 장애인주간보호시설,장애인지역사회재활시설,서울특별시 도봉구 도봉로120길 16,38.1886428,127.3664255
문혜장애인보호작업장,C1776,(장애인) 장애인보호작업장,장애인직업재활시설,강원도 철원군 텃골1길 13(문혜리),37.4998016,127.1467621
무지개동산주간보호,C1784,(장애인) 장애인주간보호시설,장애인지역사회재활시설,서울특별시 송파구 성내천로22길 162층,37.4906968,127.1312532
송파구수어통역센터,C1786,(장애인) 수어통역센터,장애인지역사회재활시설,서울특별시 송파구 문정로 135층 (문정동)(문정동),37.5704464,127.033811
성동구수어통역센터,C1790,(장애인) 수어통역센터,장애인지역사회재활시설,서울특별시 성동구 청계천로 516성동장애인생활회관 3층 (마장동),37.4844911,127.1289611
마라주간보호센터,C1793,(장애인) 장애인주간보호시설,장애인지역사회재활시설,서울특별시 송파구 송이로34길 43-13층(마라빌딩),37.5462769,127.163933
주몽재활의원,C1798,(장애인) 장애인의료재활시설,장애인의료재활시설,서울특별시 강동구 상암로 369 상일동 179,37.6945202,127.0421215
장애인주간보호시설인강원,C1801,(장애인) 장애인주간보호시설,장애인지역사회재활시설,서울특별시 도봉구 평화로15번길 9-25.,37.6945202,127.0421215
보호작업장 인강원,C1802,(장애인) 장애인보호작업장,장애인직업재활시설,서울특별시 도봉구 평화로15번길 9-25(도봉동),37.6666074,127.0367175
베데스다의집아미네,C1820,(장애인) 장애인공동생활가정,장애인거주시설,서울특별시 도봉구 시루봉로13가길 302층(방학동),37.6636782,127.036776
도봉주간보호센터,C1822,(장애인) 장애인주간보호시설,장애인지역사회재활시설,서울특별시 도봉구 도당로 532층 (방학동),37.5001133,127.1019601
마라제3공동생활가정,C1831,(장애인) 장애인공동생활가정,장애인거주시설,서울특별시 송파구 가락로5길 7-11301호,37.4844911,127.1289611
마라제1공동생활가정,C1832,(장애인) 장애인공동생활가정,장애인거주시설,서울특별시 송파구 송이로34길 43-14층,37.4844911,127.1289611
마라제2공동생활가정,C1833,(장애인) 장애인공동생활가정,장애인거주시설,서울특별시 송파구 송이로34길 43-15층 (문정동),37.5035989,127.0369205
충현보호작업장,C1855,(장애인) 장애인보호작업장,장애인직업재활시설,서울특별시 강남구 논현로98길 16,37.4972964,127.1518434
THE채움,C1863,(장애인) 장애인주간보호시설,장애인지역사회재활시설,서울특별시 송파구 마천로51길 282층,37.354606,127.7163026
라파엘의집,C1866,(장애인) 중증장애인거주시설,장애인거주시설,경기도 여주시 북내면 당전로 552 ,37.3465514,127.7343004
라파엘직업재활센터,C1870,(장애인) 장애인보호작업장,장애인직업재활시설,경기도 여주시 강천면 원양1로 907 ,37.5496921,126.9797563
자립홈,C1872,(장애인) 장애인공동생활가정,장애인거주시설,서울특별시 용산구 후암로28라길 9예원빌라 101호 103호 203호,37.1316505,127.3726934
효정비전타운,C1873,(장애인) 중증장애인거주시설,장애인거주시설,경기도 용인시 처인구 백암면 삼백로 648효정비전타운 ,37.6363909,127.0157801
헬렌켈러의집,C1875,(장애인) 장애인공동생활가정,장애인거주시설,서울특별시 강북구 삼양로91가길 8-0JS홈타운 2동 501호,37.517398,127.0406221
강남구수어통역센터,C1878,(장애인) 수어통역센터,장애인지역사회재활시설,서울특별시 강남구 학동로 343(학동) 포바강남타워 지하,37.5074776,127.0270781
논현공동생활가정,C1880,(장애인) 장애인공동생활가정,장애인거주시설,서울특별시 강남구 강남대로120길 52401호 402호 (논현동),37.4925076,127.0751123
하상주간보호센터,C1882,(장애인) 장애인주간보호시설,장애인지역사회재활시설,서울특별시 강남구 개포로 613 (개포동),37.5505256,126.9219611
라온홈,C1886,(장애인) 장애인공동생활가정,장애인거주시설,서울특별시 마포구 잔다리로9길 21105동 501호,37.5428039,126.9601605
한벗장애인주간보호시설,C1888,(장애인) 장애인주간보호시설,장애인지역사회재활시설,서울특별시 용산구 효창원로69길 42-3한벗회관 2층,37.55013,126.9799974
행복이가득한집,C1891,(장애인) 장애인공동생활가정,장애인거주시설,서울특별시 용산구 후암로28라길 9201호 (후암동 예원빌라),37.5401472,126.8678144
임마누엘목동공동체,C1892,(장애인) 장애인공동생활가정,장애인거주시설,서울특별시 양천구 목동중앙본로17길 29401호 (목동청송하이츠빌라) ,37.4814479,126.9061256
실로암배움울타리,C1894,(장애인) 장애인공동생활가정,장애인거주시설,서울특별시 관악구 조원로12길 66-02층,37.5467049,127.1672451
사랑쉼터의집,C1897,(장애인) 장애유형별거주시설,장애인거주시설,서울특별시 강동구 상암로79길 24,37.5275866,126.8355494
베다니장애인주간보호시설 ,C1917,(장애인) 장애인주간보호시설,장애인지역사회재활시설,서울특별시 양천구 남부순환로65길 12-2 (신월동),37.5507247,126.9754915
가브리엘의집,C1921,(장애인) 중증장애인거주시설,장애인거주시설,서울특별시 용산구 후암로35길 22-23(후암동),37.644436,127.0733938
동천일리하우스,C1930,(장애인) 중증장애인거주시설,장애인거주시설,서울특별시 노원구 노원로18길 41(하계1동),37.5732924,126.8374995
우리집,C1993,(장애인) 장애인단기거주시설,장애인거주시설,서울특별시 강서구 양천로47길 70-6,37.5352948,126.8567509
나눔공동체,C2033,(장애인) 장애인공동생활가정,장애인거주시설,서울특별시 강서구 등촌로13바길 59,37.5485838,126.852913
선린원,C2034,(장애인) 장애인단기거주시설,장애인거주시설,서울특별시 강서구 까치산로22길 35-5,37.5641316,126.9033115
잔디네집,C2042,(장애인) 장애인공동생활가정,장애인거주시설,서울특별시 마포구 월드컵로 190-0604호 (이안상암2차오피스텔),37.5390067,126.8493891
푸른터,C2043,(장애인) 장애인공동생활가정,장애인거주시설,서울특별시 강서구 초록마을로26길 35-8,37.5408185,126.8335727
푸른터2호,C2044,(장애인) 장애인공동생활가정,장애인거주시설,서울특별시 강서구 화곡로13길 20-9201호,37.5685033,126.8511983
푸른터3호,C2045,(장애인) 장애인공동생활가정,장애인거주시설,서울특별시 강서구 허준로5길 37B동 3층 (가양동)(가양동),37.5741667,126.8125535
강서뇌성마비복지관,C2047,(장애인) 장애인복지관,장애인지역사회재활시설,서울특별시 강서구 방화대로 45길 69(방화동 452-5)  ,37.5685033,126.8511983
그라나다보호작업센터,C2050,(장애인) 장애인보호작업장,장애인직업재활시설,서울특별시 강서구 허준로5길 37 (가양동),37.543302,126.8414766
강서희망의집,C2057,(장애인) 장애인단기거주시설,장애인거주시설,서울특별시 강서구 강서로34길 36,37.5703368,126.8054585
주간보호센터햇볕교실,C2058,(장애인) 장애인주간보호시설,장애인지역사회재활시설,서울특별시 강서구 개화동로21길 4 (방화동 방화11단지아파트),37.5691778,126.8489398
기쁜우리보호작업장,C2059,(장애인) 장애인보호작업장,장애인직업재활시설,서울특별시 강서구 허준로 65 (가양동),37.5668657,126.8413718
강서구휴먼희망일터,C2066,(장애인) 장애인보호작업장,장애인직업재활시설,서울특별시 강서구 강서로 466우리벤처타운 102호 (등촌동),37.6572893,127.0631406
다복스위트홈,C2068,(장애인) 장애인공동생활가정,장애인거주시설,서울특별시 노원구 상계로5길 22-9402호,37.5090958,127.1252345
마라제4공동생활가정,C2069,(장애인) 장애인공동생활가정,장애인거주시설,서울특별시 송파구 마천로39길 35401호,37.4925063,126.8913292
양지골장애인주간보호시설,C2072,(장애인) 장애인주간보호시설,장애인지역사회재활시설,서울특별시 구로구 구로중앙로28길 625층(구로동),37.5237608,126.8935345
리드릭,C2073,(장애인) 장애인보호작업장,장애인직업재활시설,서울특별시 영등포구 양산로 96양산로 96 산경물산(당산동2가),37.5742419,126.8899001
마포구립장애인직업재활센터(수아밀),C2074,(장애인) 장애인보호작업장,장애인직업재활시설,서울특별시 마포구 매봉산로 18(상암동 1640번지),37.4869823,127.1069593
강남세움주간보호센터,C2078,(장애인) 장애인주간보호시설,장애인지역사회재활시설,서울특별시 강남구광평로60길 22(수서동),37.5492671,126.8514653
파랑새교육원주간보호,C2083,(장애인) 장애인주간보호시설,장애인지역사회재활시설,서울특별시 강서구 까치산로 134화곡빌딩 2층,37.5385144,126.8511991
화곡성모공동생활가정,C2087,(장애인) 장애인공동생활가정,장애인거주시설,서울특별시 강서구 초록마을로24길 7-8B동 502호 (화곡동 태영팰리스),37.4919459,127.0734546
강남장애인복지관,C2092,(장애인) 장애인복지관,장애인지역사회재활시설,서울특별시 강남구 개포로 605  ,37.4968092,126.8849632
헬렌의집장애인단기보호시설,C2096,(장애인) 장애인단기거주시설,장애인거주시설,서울특별시 구로구 구로중앙로27나길 18,37.5385144,126.8511991
로사리아공동생활가정,C2098,(장애인) 장애인공동생활가정,장애인거주시설,서울특별시 강서구 초록마을로24길 7-8B동 202호 (화곡동 태영팰리스),37.5732924,126.8374995
우리집주간보호,C2101,(장애인) 장애인주간보호시설,장애인지역사회재활시설,서울특별시 강서구 양천로47길 70-6,37.6385404,127.012833
꿈손단기거주시설,C2102,(장애인) 장애인단기거주시설,장애인거주시설,서울특별시 강북구 인수봉로61길12-4,37.4742398,126.8965588
금천구수어통역센터,C2105,(장애인) 수어통역센터,장애인지역사회재활시설,서울특별시 금천구 시흥대로147길 30-152층,37.5587393,126.9867567
시각장애인주간보호센터,C2111,(장애인) 장애인주간보호시설,장애인지역사회재활시설,서울특별시 중구 퇴계로20길 41-11남산쉼터 1층,37.5709309,127.0302499
동대문구수어통역센터,C2112,(장애인) 수어통역센터,장애인지역사회재활시설,서울특별시 동대문구 청계천로 521다사랑행복센터 (용두동),37.5568445,126.8156863
샬롬의 집,C2135,(장애인) 장애유형별거주시설,장애인거주시설,서울특별시 강서구 방화대로7가길 11,37.6503566,127.0220359
디딤돌공동생활가정,C2183,(장애인) 장애인공동생활가정,장애인거주시설,서울특별시 도봉구 우이천로 446-11501호(쌍문동 해밀하우스),37.4963777,127.0319107
역삼주간보호센터,C2194,(장애인) 장애인주간보호시설,장애인지역사회재활시설,서울특별시 강남구 테헤란로8길 36강남문화원 2층,37.5201472,127.0377599
신망애공동생활가정,C2197,(장애인) 장애인공동생활가정,장애인거주시설,서울특별시 강남구 도산대로50길 33-3401호 (논현동),37.5219251,127.0419793
서로함께공동생활가정,C2198,(장애인) 장애인공동생활가정,장애인거주시설,서울특별시 강남구 선릉로146길 27-4204호 (청담동),37.6154419,126.9143768
똘레랑스,C2199,(장애인) 장애인보호작업장,장애인직업재활시설,서울특별시 은평구 연서로21길 31-0,37.5896105,127.0002679
마로니에공동생활가정,C2201,(장애인) 장애인공동생활가정,장애인거주시설,서울특별시 종로구 혜화로12길 20-10101호,37.5640016,126.9889272
영락주간보호센터,C2204,(장애인) 장애인주간보호시설,장애인지역사회재활시설,서울특별시 중구 수표로 33영락교회 교육관 1층,37.5454363,127.0203834
성모주간보호센터,C2207,(장애인) 장애인주간보호시설,장애인지역사회재활시설,서울특별시 성동구 독서당로44길 25.,37.6543048,127.0131593
지앤지주간보호센터,C2223,(장애인) 장애인주간보호시설,장애인지역사회재활시설,서울특별시 도봉구 삼양로 574-442층,37.5830838,127.0731912
동문장애인복지관,C2225,(장애인) 장애인복지관,장애인지역사회재활시설,서울특별시 동대문구 장안벚꽃로 7길 5　,37.658101,127.036278
성민그룹홈,C2226,(장애인) 장애인공동생활가정,장애인거주시설,서울특별시 도봉구 우이천로47길 10601호 (쌍문동),37.5574254,127.0129108
파란마음주간보호센터,C2227,(장애인) 장애인주간보호시설,장애인지역사회재활시설,서울특별시 중구 다산로22길 111층,37.548179,126.9626153
구립용산장애인복지관,C2236,(장애인) 장애인복지관,장애인지역사회재활시설,서울특별시 용산구 효창원로93길 49 (효창동),37.4820051,127.0250418
서초구립한우리정보문화센터,C2239,(장애인) 장애인복지관,장애인지역사회재활시설,서울특별시 서초구 남부순환로340길 15  ,37.5152291,127.0212897
다니엘의집4호,C2241,(장애인) 장애인공동생활가정,장애인거주시설,서울특별시 강남구 도산대로4길 18-6401호 (논현동),37.5649088,126.9245316
행복한 집,C2274,(장애인) 장애인공동생활가정,장애인거주시설,서울특별시 마포구 성미산로 165-5,37.6556918,127.0691763
성민복지관,C2280,(장애인) 장애인복지관,장애인지역사회재활시설,서울특별시 노원구 노원로32길 30-3　,37.5691778,126.8489398
기쁜우리복지관,C5036,(장애인) 장애인복지관,장애인지역사회재활시설,서울특별시 강서구 허준로 65　,37.6287227,127.0390729
강북장애인종합복지관,C5044,(장애인) 장애인복지관,장애인지역사회재활시설,서울특별시 강북구 오현로 189강북장애인종합복지관,37.4991639,126.9466497
삼성소리샘복지관,C5102,(장애인) 장애인복지관,장애인지역사회재활시설,서울특별시 동작구 양녕로30길 19-4(상도동),37.642332,127.0566646
서울시립뇌성마비복지관,C5106,(장애인) 장애인복지관,장애인지역사회재활시설,서울특별시 노원구 덕릉로70가길 96(상계67동 771)(상계동),37.6422845,127.0578323
서울시립상이군경복지관,C5107,(장애인) 장애인복지관,장애인지역사회재활시설,서울특별시 노원구 덕릉로70가길 73-0(상계동),37.5555218,127.1484452
서울장애인종합복지관보호작업장,C5161,(장애인) 장애인보호작업장,장애인직업재활시설,서울특별시 강동구 고덕로 201(고덕동),37.5704464,127.033811
성동장애인종합복지관,C5162,(장애인) 장애인복지관,장애인지역사회재활시설,서울특별시 성동구 청계천로 506-0　,37.5953654,127.0192147
성북시각장애인복지관,C5163,(장애인) 장애인복지관,장애인지역사회재활시설,서울특별시 성북구 동소문로25가길 20성북시각장애인복지관,37.4853815,126.9164539
실로암주간보호센터,C5164,(장애인) 장애인주간보호시설,장애인지역사회재활시설,서울특별시 관악구 조원로 127-2301호,37.5011544,126.8412868
에덴장애인종합복지관,C5165,(장애인) 장애인복지관,장애인지역사회재활시설,서울특별시 구로구 고척로21가길 84-35　,37.5509,127.0974583
정립회관,C5236,(장애인) 장애인복지관,장애인지역사회재활시설,서울특별시 광진구 워커힐로 93정립회관,37.5511064,127.1646653
한국시각장애인복지관,C5240,(장애인) 장애인복지관,장애인지역사회재활시설,서울특별시 강동구 구천면로 645 (상일동),37.3164594,127.3492521
성분도복지관,C5457,(장애인) 장애인복지관,장애인지역사회재활시설,경기도 광주시 국사봉로 159-10  ,37.5198615,126.8699119
양천해누리복지관 ,C5545,(장애인) 장애인복지관,장애인지역사회재활시설,서울특별시 양천구 목동동로 159목동동로 159 ,37.4830195,126.9411664
실로암시각장애인복지관,C6052,(장애인) 장애인복지관,장애인지역사회재활시설,서울특별시 관악구 남부순환로 1717 (봉천동),37.6056209,126.907072
서부장애인종합복지관,C6314,(장애인) 장애인복지관,장애인지역사회재활시설,서울특별시 은평구 갈현로11길 30　,37.5594408,126.9570091
서대문장애인종합복지관,C6476,(장애인) 장애인복지관,장애인지역사회재활시설,서울특별시 서대문구 북아현로 24,37.4813987,126.8904193
해나무일터,C6557,(장애인) 장애인보호작업장,장애인직업재활시설,서울특별시 구로구 남부순환로 105라길25-10,37.4514122,126.9137208
장애인주간보호센터청락원,C6667,(장애인) 장애인주간보호시설,장애인지역사회재활시설,서울특별시 금천구 금하로29길 36.,37.5002903,127.024966
하늘동산,C6684,(장애인) 장애인주간보호시설,장애인지역사회재활시설,서울특별시 서초구 강남대로65길 195층 (서초동),37.4925076,127.0751123
하상장애인복지관,C6685,(장애인) 장애인복지관,장애인지역사회재활시설,서울특별시 강남구 개포로 613　,37.5541134,127.0864946
희망의학교,C6714,(장애인) 장애인주간보호시설,장애인지역사회재활시설,서울특별시 광진구 천호대로 622시민의교회5층(능동),37.5787963,126.9697746
라파엘의집,C6727,(장애인) 장애인단기거주시설,장애인거주시설,서울특별시 종로구 필운대로2길 16 (체부동),37.4910746,127.1358452
나눔의집,C6817,(장애인) 장애인공동생활가정,장애인거주시설,서울특별시 송파구 송이로31길 569-105호 (문정동 문정시영아파트),37.6213599,127.0836975
다운인의 집,C6851,(장애인) 장애인공동생활가정,장애인거주시설,서울특별시 노원구 노원로1길 21902동 1102호,37.4972812,126.9466503
장애인공동생활가정다움이네집,C6853,(장애인) 장애인공동생활가정,장애인거주시설,서울특별시 동작구 양녕로22마길 90-02층,37.4892041,127.0210673
사랑의가족,C6909,(장애인) 장애인공동생활가정,장애인거주시설,서울특별시 서초구 사임당로20길 16-0A동201호,37.4778403,126.9873153
사랑의그룹홈,C6911,(장애인) 장애인공동생활가정,장애인거주시설,서울특별시 서초구 효령로23길 61501호,37.4910746,127.1358452
섬김의집,C6933,(장애인) 장애인공동생활가정,장애인거주시설,서울특별시 송파구 송이로31길 569-106호 (문정동 문정시영아파트),37.5901839,127.030219
성북그룹홈1호,C6939,(장애인) 장애인공동생활가정,장애인거주시설,서울특별시 성북구 개운사길 60-39성북그룹홈1호,37.6056965,127.0118017
성북그룹홈2호,C6940,(장애인) 장애인공동생활가정,장애인거주시설,서울특별시 성북구 보국문로6길 5-11102호 (정릉동 삼우빌라),37.5018531,126.9279559
사랑손공동생활가정소라네,C6945,(장애인) 장애인공동생활가정,장애인거주시설,서울특별시 동작구 대방동2길 36502호 (대방동 신건드림원아파트),37.6355332,127.0721617
아름다운집,C6983,(장애인) 장애인공동생활가정,장애인거주시설,서울특별시 노원구 공릉로62길 8풍진빌라 B동 302호,37.5355049,127.1402217
아이비해솔그룹홈,C6986,(장애인) 장애인공동생활가정,장애인거주시설,서울특별시 강동구 양재대로110길 15-5301호,37.5424057,127.1458853
아이비한울그룹홈,C6987,(장애인) 장애인공동생활가정,장애인거주시설,서울특별시 강동구 양재대로124길 67-143층,37.5485173,127.1431165
아이비잎새그룹홈,C6988,(장애인) 장애인공동생활가정,장애인거주시설,서울특별시 강동구 양재대로135길 5-1101호,37.5033852,126.9472452
사랑손공동생활가정연희네,C7008,(장애인) 장애인공동생활가정,장애인거주시설,서울특별시 동작구 국사봉길 178102동 706호 (상도동 상도1차 갑을명가아파트),37.482982,126.907165
임마누엘관악1공동체공동생활가정,C7037,(장애인) 장애인공동생활가정,장애인거주시설,서울특별시 관악구 조원중앙로 44-32층,37.5604172,126.8448669
임마누엘등촌공동체,C7039,(장애인) 장애인공동생활가정,장애인거주시설,서울특별시 강서구 공항대로39길 74502-902 (등촌동 등촌5단지주공아파트),37.515813,126.907605
임마누엘영등포공동체,C7040,(장애인) 장애인공동생활가정,장애인거주시설,서울특별시 영등포구 영신로8길 9201호 (영등포동),37.4972841,127.0583475
충현의집1호,C7108,(장애인) 장애인공동생활가정,장애인거주시설,서울특별시 강남구 삼성로57길 33-1202호 (대치동 리치빌)(대치동 리치빌),37.5119684,127.0375335
충현의집2호,C7109,(장애인) 장애인공동생활가정,장애인거주시설,서울특별시 강남구 학동로42길 55-10401호 (논현동)(논현동),37.4711121,127.0457677
충현의집3호,C7110,(장애인) 장애인공동생활가정,장애인거주시설,서울특별시 서초구 동산로12길 20301호,37.5219578,127.0417075
충현의집4호,C7111,(장애인) 장애인공동생활가정,장애인거주시설,서울특별시 강남구 선릉로146길 27-4302호 (청담동)(청담동),37.5213939,127.046505
충현의집5호,C7112,(장애인) 장애인공동생활가정,장애인거주시설,서울특별시 강남구 삼성로147길 16-10401호 (청담동)(청담동),37.5012055,127.0588004
충현의집6호,C7113,(장애인) 장애인공동생활가정,장애인거주시설,서울특별시 강남구 삼성로67길 8-7401호 (대치동)(대치동),37.6244803,126.9190146
한마음1호공동생활가정,C7153,(장애인) 장애인공동생활가정,장애인거주시설,서울특별시 은평구 통일로89길 5-73층,37.5691778,126.8489398
기쁜우리체육센터,C7183,(장애인) 장애인체육시설,장애인지역사회재활시설,서울특별시 강서구 허준로 65,37.4192954,127.2871091
에스알씨(SRC)재활체육관,C7188,(장애인) 장애인체육시설,장애인지역사회재활시설,경기도 광주시 초월읍 경수길 25에스알씨재활체육관 ,37.6051391,126.9075414
서부재활체육센터,C7190,(장애인) 장애인체육시설,장애인지역사회재활시설,서울특별시 은평구 갈현로11길 30 (구산동),37.4931346,126.9273778
에스알씨(SRC)부설의원,C7535,(장애인) 장애인의료재활시설,장애인의료재활시설,서울특별시 관악구 보라매로 44보라매동,37.4192954,127.2871091
에스알씨(SRC)재활병원,C7536,(장애인) 장애인의료재활시설,장애인의료재활시설,경기도 광주시 경수길 25에스알씨재활병원,37.6056209,126.907072
서울재활병원,C7537,(장애인) 장애인의료재활시설,장애인의료재활시설,서울특별시 은평구 갈현로11길 30-0,37.6693897,127.0464436
도봉장애인보호작업시설,C7581,(장애인) 장애인보호작업장,장애인직업재활시설,서울특별시 도봉구 마들로 664-172층,37.4844722,127.1288426
마라보호작업장,C7584,(장애인) 장애인보호작업장,장애인직업재활시설,서울특별시 송파구 송이로34길 43-1,37.5612058,127.1558668
성지보호작업장,C7594,(장애인) 장애인보호작업장,장애인직업재활시설,서울특별시 강동구 동남로85길 15(고덕동),37.5431512,127.1344386
아이비장애인보호작업장,C7598,(장애인) 장애인보호작업장,장애인직업재활시설,서울특별시 강동구 천중로 873층,37.6056209,126.907072
은평보호작업장,C7603,(장애인) 장애인보호작업장,장애인직업재활시설,서울특별시 은평구 갈현로11길 30,37.5165921,126.8715748
하은장애인보호작업장,C7614,(장애인) 장애인보호작업장,장애인직업재활시설,서울특별시 양천구 목동동로8길 95층 (신정동),37.4811823,126.8760374
EM실천,C7618,(장애인) 장애인보호작업장,장애인직업재활시설,서울특별시 금천구 서부샛길 648대륭테크노타운6차 1004호,37.5604172,126.8448669
꿈자람터장애인주간보호센터,C7651,(장애인) 장애인주간보호시설,장애인지역사회재활시설,서울특별시 강서구 공항대로43길 104등촌7종합사회복지관 (등촌동 등촌주공78단지아파트),37.642332,127.0566646
서울시립노원시각장애인복지관,C7664,(장애인) 장애인복지관,장애인지역사회재활시설,서울특별시 노원구 덕릉로70가길 98서울특별시립노원시각장애인복지관,37.5481125,126.85254
늘푸른마을,C7669,(장애인) 장애인주간보호시설,장애인지역사회재활시설,서울특별시 강서구 까치산로22길 38,37.488767,126.9412352
도란도란,C7687,(장애인) 장애유형별거주시설,장애인거주시설,서울특별시 관악구 국회단지길 672층,37.5142656,127.1004868
효명장애인보호작업시설,C7713,(장애인) 장애인보호작업장,장애인직업재활시설,서울특별시 송파구 올림픽로 269롯데캐슬프라자 810호811호812호,37.4820051,127.0250418
서리풀주간이용센터,C7715,(장애인) 장애인주간보호시설,장애인지역사회재활시설,서울특별시 서초구 남부순환로340길 15.,37.5052142,126.9464244
동작구수어통역센터,C7718,(장애인) 수어통역센터,장애인지역사회재활시설,서울특별시 동작구 만양로3길 143층 (노량진동),37.5703795,126.9865051
종로구수어통역센터,C7728,(장애인) 수어통역센터,장애인지역사회재활시설,서울특별시 종로구 종로17길 83층 (종로2가),37.5463459,126.8725362
양천구수어통역센터,C7729,(장애인) 수어통역센터,장애인지역사회재활시설,서울특별시 양천구 목동중앙북로 682층 (목동 목동에버하임)(목동 목동에버하임),37.4923757,126.8964518
성락주간보호,C7743,(장애인) 장애인주간보호시설,장애인지역사회재활시설,서울특별시 영등포구 도림로 3042층,37.5559772,126.9012821
계명원,C7752,(장애인) 장애인단기거주시설,장애인거주시설,서울특별시 마포구 동교로 55-10망원동,37.5411879,126.8498024
열린마음하나,C7761,(장애인) 장애인공동생활가정,장애인거주시설,서울특별시 강서구 초록마을로16길 20201호,37.4972812,126.9466503
삼성그룹홈1호,C7783,(장애인) 장애인공동생활가정,장애인거주시설,서울특별시 동작구 양녕로22마길 90-03층,37.4953752,126.8857028
민들레쉼터장애인주간보호시설,C7798,(장애인) 장애인주간보호시설,장애인지역사회재활시설,서울특별시 구로구 가마산로 2315동 101호 (구로동 보광아파트),37.7955868,126.9227721
실로암 효명의 집,C7820,(장애인) 중증장애인거주시설,장애인거주시설,경기도 양주시 쇠장이길 656(관악구),37.5283635,126.8372185
드림하우스,C7823,(장애인) 장애인공동생활가정,장애인거주시설,서울특별시 양천구 곰달래로10길 19-1301호 (신월동),37.5281812,127.1331777
선한복지센터,C7834,(장애인) 장애인보호작업장,장애인직업재활시설,서울특별시 강동구 양재대로91길 62(성내동 동아아파트상가4층),37.536305,127.1417072
사랑나눔강동,C7835,(장애인) 장애인공동생활가정,장애인거주시설,서울특별시 강동구 양재대로112길 86401호,37.5552364,126.9094245
하나렘넌트장애인주간보호센터,C7844,(장애인) 장애인주간보호시설,장애인지역사회재활시설,서울특별시 마포구 월드컵로13길 19-13,37.6080397,126.9083279
위드그룹홈,C7854,(장애인) 장애인공동생활가정,장애인거주시설,서울특별시 은평구 갈현로15길 11-13302호 (구산동),37.526775,126.9641199
서울시농아노인지원센터,C7885,(장애인) 장애인주간보호시설,장애인지역사회재활시설,서울특별시 용산구 한강대로21길 17-72층,37.9983612,126.9884222
교남시냇가,C7901,(장애인) 중증장애인거주시설,장애인거주시설,경기 파주시 적성면어못내길 94-42,37.5137681,126.9283279
디딤돌주간보호센터,C7904,(장애인) 장애인주간보호시설,장애인지역사회재활시설,서울특별시 동작구 대방동7길 571층 101호 (대방동 한빛빌라),37.5673188,126.8517055
구립강서구직업재활센터,C7913,(장애인) 장애인보호작업장,장애인직업재활시설,서울특별시 강서구 허준로 95-9외 1번지 (가양동),37.5936626,126.9336784
작은숨골공동생활가정,C7919,(장애인) 장애인공동생활가정,장애인거주시설,서울특별시 서대문구 연희로41가길 103-7.,37.583128,126.9277375
서울시립미래형장애인직업재활시설그린내,C7928,(장애인) 장애인근로사업장,장애인직업재활시설,서울특별시 서대문구 명지2길 14-0(홍은동),37.5076873,127.0302444
논현제2공동생활가정,C7958,(장애인) 장애인공동생활가정,장애인거주시설,서울특별시 강남구 논현로113길 38-1301호 (논현동),37.6263203,126.913139
포도원복지센터,C7973,(장애인) 장애인단기거주시설,장애인거주시설,서울특별시 은평구 갈현로41길 48,37.5653602,126.9007592
마포구수어통역센터,C7978,(장애인) 수어통역센터,장애인지역사회재활시설,서울특별시 마포구 월드컵로 213마포장애인복지회관 3층 (성산동),37.5429899,127.13845
메타아카데미주간보호센터,C7979,(장애인) 장애인주간보호시설,장애인지역사회재활시설,서울특별시 강동구 양재대로121길 25202호,37.56145,127.088005
하나인장애인주간보호센터,C7988,(장애인) 장애인주간보호시설,장애인지역사회재활시설,서울특별시 광진구 능동로59길 14 (중곡동),37.5535934,127.0791827
희망일터,C7989,(장애인) 장애인보호작업장,장애인직업재활시설,서울특별시 광진구 천호대로 622 (능동),37.5001842,127.1429091
서울시립미래형장애인직업재활시설굿윌스토어,C7995,(장애인) 장애인근로사업장,장애인직업재활시설,서울특별시 송파구 마천로 226지하1층~지상2층,37.499641,127.0946135
소망의집,C8000,(장애인) 장애인공동생활가정,장애인거주시설,서울특별시 송파구 백제고분로 32길 32-1201호,37.4917543,127.148576
사랑의집,C8001,(장애인) 장애인공동생활가정,장애인거주시설,서울특별시 송파구 오금로64나길 11-1301호,37.6586615,127.0118912
희망을긷는샘,C8007,(장애인) 장애인공동생활가정,장애인거주시설,서울특별시 강북구 삼양로163길 31-5101호,37.6740576,127.0502075
내일을 꿈꾸는 사람들,C8008,(장애인) 장애인공동생활가정,장애인거주시설,서울특별시 노원구 동일로237바길 11-8101호(상계동),37.5458301,126.8495614
로뎀나무,C8010,(장애인) 장애인주간보호시설,장애인지역사회재활시설,서울특별시 강서구 까치산로18나길 36오성빌라 1층,37.6553816,126.9482092
빛가람장애인시설,C8019,(장애인) 장애인보호작업장,장애인직업재활시설,서울특별시 은평구 대서문길 36지하 1층 (진관동),37.6017385,127.0693828
아름드리주간보호센터,C8023,(장애인) 장애인주간보호시설,장애인지역사회재활시설,서울특별시 동대문구 한천로58길 1071층 (이문동),37.5565467,126.8539386
로뎀하우스,C8028,(장애인) 장애인단기거주시설,장애인거주시설,서울특별시 강서구 공항대로45가길 29102동 201호 (등촌동),37.4911479,127.1434964
구립송파구장애인보호작업장,C8031,(장애인) 장애인보호작업장,장애인직업재활시설,서울특별시 송파구 양산로 53층,37.4717051,127.0268883
바우뫼주간보호센터,C8055,(장애인) 장애인주간보호시설,장애인지역사회재활시설,서울특별시 서초구 바우뫼로 43 1층 ,37.5214269,126.8464281
맑은샘장애인주간보호시설 ,C8056,(장애인) 장애인주간보호시설,장애인지역사회재활시설,서울특별시 양천구 신월로 192201호 (신월동),37.577313,126.9284616
다솜센터(시립서대문장애인단기보호센터),C8071,(장애인) 장애인단기거주시설,장애인거주시설,서울특별시 서대문구 증가로4길 58-16(홍은동),37.4799603,126.8793427
보라매보호작업장,C8077,(장애인) 장애인보호작업장,장애인직업재활시설,서울특별시 금천구 가산디지털2로 136승일벤처타워302,37.5937517,127.0943747
시립중랑장애인단기거주시설 다운누리,C8078,(장애인) 장애인단기거주시설,장애인거주시설,서울특별시 중랑구 겸재로61길 81(망우동),37.5206539,126.831837
드림장애인보호작업장,C8091,(장애인) 장애인보호작업장,장애인직업재활시설,서울특별시 양천구 지양로 7 (신월동),37.4775292,126.9176719
갑을충의장애인공동생활가정,C8093,(장애인) 장애인공동생활가정,장애인거주시설,서울특별시 관악구 난우16길 13-3 (신림동),37.5237608,126.8935345
행복한나무,C8099,(장애인) 장애인보호작업장,장애인직업재활시설,서울특별시 영등포구 양산로 96 양산로 96 산경물산 A30호(당산동2가),37.4776497,126.9178443
갑을장애인직업휴먼센터,C8102,(장애인) 장애인보호작업장,장애인직업재활시설,서울특별시 관악구 난우16길 13-7 (신림동),37.5558027,126.9421554
우리마포보호작업장,C8104,(장애인) 장애인보호작업장,장애인직업재활시설,서울특별시 마포구 신촌로26길 10우리마포보호작업장,37.5026237,127.1454486
송파위더스,C8106,(장애인) 장애인보호작업장,장애인직업재활시설,서울특별시 송파구 성내천로 333-4333-4 (마천동),37.5029895,127.1278734
렘넌트주간보호센터,C8127,(장애인) 장애인주간보호시설,장애인지역사회재활시설,서울특별시 송파구 동남로 303-83층 (오금동)(오금동),37.555841,126.94239
우리마포장애인주간이용센터,C8129,(장애인) 장애인주간보호시설,장애인지역사회재활시설,서울특별시 마포구 신촌로26길 103층,37.5318311,126.833242
해누리하우스,C8130,(장애인) 장애인공동생활가정,장애인거주시설,서울특별시 양천구 곰달래로3길 24-12201호 (신월동),37.4991623,127.1473835
사랑나눔송파,C8166,(장애인) 장애인공동생활가정,장애인거주시설,서울특별시 송파구 성내천로42길 11301호 (마천동),37.6575525,127.0388777
유일장애인공동생활가정,C8176,(장애인) 장애인공동생활가정,장애인거주시설,서울특별시 도봉구 도봉로133길 14A동 301호 (쌍문동 성원하이츠아파트),37.6294416,127.0161425
효정,C8181,(장애인) 장애인근로사업장,장애인직업재활시설,서울특별시 강북구 삼양로77길 38(수유동),37.5613328,127.1609271
한다솜장애인공동생활가정,C8183,(장애인) 장애인공동생활가정,장애인거주시설,서울특별시 강동구 아리수로74길 31-0201호,37.5806881,126.7991676
다사랑(대한정신보건가족협회),C8186,(장애인) 장애인보호작업장,장애인직업재활시설,서울특별시 강서구 개화동로7길 3-16,37.647218,127.0195059
프란치스코의집 단기거주시설,C8188,(장애인) 장애인단기거주시설,장애인거주시설,서울특별시 강북구 노해로23길 88-18 (수유동),37.5466951,127.0914159
광진구수어통역센터,C8196,(장애인) 수어통역센터,장애인지역사회재활시설,서울특별시 광진구 아차산로 4173층 (구의동)(구의동),37.5562774,126.8112575
초록등대장애인보호작업장,C8197,(장애인) 장애인보호작업장,장애인직업재활시설,서울특별시 강서구 송정로1길 19베이스빌딩 2층 (공항동),37.5289655,127.1248031
강동구수어통역센터,C8199,(장애인) 수어통역센터,장애인지역사회재활시설,서울특별시 강동구 성내로 526층 (성내동),37.5627587,126.8139718
강서나누리센터,C8212,(장애인) 장애인보호작업장,장애인직업재활시설,서울특별시 강서구 공항대로7가길 21-3,37.5921803,126.9336679
구립서대문장애인공동생활가정,C8213,(장애인) 장애인공동생활가정,장애인거주시설,서울특별시 서대문구 연희로41나길 5-6202호 (홍은동),37.4774006,126.917494
갑을장애인주간보호센터,C8222,(장애인) 장애인주간보호시설,장애인지역사회재활시설,서울특별시 관악구 난우16길 13-72층 (신림동),37.5467035,127.0866254
군자작은예수의집,C8235,(장애인) 장애인단기거주시설,장애인거주시설,서울특별시 광진구 자양로35길 7-7군자작은예수의집 (구의동),37.5853934,126.9715852
세종마을푸르메센터(종로장애인복지관),C8237,(장애인) 장애인복지관,장애인지역사회재활시설,서울특별시 종로구 자하문로 89,37.4805795,126.9440806
꿈터장애인주간보호센터,C8256,(장애인) 장애인주간보호시설,장애인지역사회재활시설,서울특별시 관악구 쑥고개로13길24 (봉천동),37.504609,127.1119305
함재보호작업장,C8258,(장애인) 장애인보호작업장,장애인직업재활시설,서울특별시 송파구 송파대로 412124층 (송파동),37.5313786,127.1486292
센터봄,C8260,(장애인) 장애인단기거주시설,장애인거주시설,서울특별시 강동구 천호대로1210 4층 (둔촌동),37.6648998,127.0667751
동천하우스6,C8266,(장애인) 장애인공동생활가정,장애인거주시설,서울특별시 노원구 한글비석로50길 12301호,37.738166,126.6923722
사회복지법인 에덴복지재단 형원,C8280,(장애인) 장애인근로사업장,장애인직업재활시설,경기도 파주시 소라지로195번길47-20 (신촌동),37.5725071,127.0214373
덕유린장애인단기보호센터,C8294,(장애인) 장애인단기거주시설,장애인거주시설,서울특별시 종로구 난계로25길 32403호,37.5701023,126.8229233
성산푸른초장단기보호시설,C8304,(장애인) 장애인단기거주시설,장애인거주시설,서울특별시 강서구 양천로30길 142층,37.5677264,126.8239568
성산푸른초장주간보호시설,C8305,(장애인) 장애인주간보호시설,장애인지역사회재활시설,서울특별시 강서구 양천로30길 143층,37.6080397,126.9083279
보라향그룹홈,C8306,(장애인) 장애인공동생활가정,장애인거주시설,서울특별시 은평구 갈현로15길 11-13301호 (구산동),37.5383699,126.8449803
열린마음,C8318,(장애인) 장애인공동생활가정,장애인거주시설,서울특별시 강서구 초록마을로34길61 201호 (화곡동),37.4928785,126.8167559
늘푸름보호작업장,C8328,(장애인) 장애인보호작업장,장애인직업재활시설,서울특별시 구로구 부일로1나길38(온수동),37.511622,126.850381
희망일굼터,C8367,(장애인) 장애인보호작업장,장애인직업재활시설,서울특별시 양천구 신정로267 (신정동 양천벤처타운 제804호 B205호)),37.5745006,126.8137365
강서뇌성마비 주간보호,C8368,(장애인) 장애인주간보호시설,장애인지역사회재활시설,서울특별시 강서구 방화대로45길 692층,37.6792447,127.0569031
내일을꿈꾸는사람들2호,C8377,(장애인) 장애인공동생활가정,장애인거주시설,서울특별시 노원구 동일로237다길 37201호 (상계동 풀래음파크빌),37.6695157,127.0474327
중증장애인다수고용사업장굿윌스토어밀알도봉점,C8381,(장애인) 장애인근로사업장,장애인직업재활시설,서울특별시 도봉구 마들로 664-17,37.5558027,126.9421554
우리마포재활치료센터,C8392,(장애인) 장애인재활치료시설,장애인지역사회재활시설,서울특별시 마포구 신촌로26길10 (노고산동),37.565063,127.022792
서울특별시중구장애인복지관,C8398,(장애인) 장애인복지관,장애인지역사회재활시설,서울특별시 중구 퇴계로 460중구종합복지센터 4층,37.4570918,126.8869474
금천구립장애인보호작업장,C8400,(장애인) 장애인보호작업장,장애인직업재활시설,서울특별시 금천구 한내로 69-15금천한내복지관내 (독산동 주공13단지아파트),37.6366364,127.0149645
너나울공동생활가정,C8401,(장애인) 장애인공동생활가정,장애인거주시설,서울특별시 강북구 인수봉로60가길 24-7201호 (수유동 다우빌라),37.6409939,127.023611
참사랑너나울주간보호센터,C8402,(장애인) 장애인주간보호시설,장애인지역사회재활시설,서울특별시 강북구 한천로143길 391층 (수유동) ,37.570627,127.0706515
동문엔터프라이즈,C8404,(장애인) 장애인보호작업장,장애인직업재활시설,서울특별시 동대문구 한천로 58-22층 3층 (장안동),37.5441597,126.8419251
강서구희망센터,C8410,(장애인) 장애인보호작업장,장애인직업재활시설,서울특별시 강서구 화곡로31길 25지층(화곡동) 서울특별시 강서구 강서로 34길 36 (화곡동),37.5781438,126.9101543
서대문구수어통역센터,C8419,(장애인) 수어통역센터,장애인지역사회재활시설,서울특별시 서대문구 응암로 54서부프라자 2층 (북가좌동)(북가좌동),37.5862851,126.8116933
늘푸른집,C8420,(장애인) 장애인단기거주시설,장애인거주시설,서울특별시 강서구 금낭화로26가길 1301층 ,37.4925076,127.0751123
하상점자도서관,C8423,(장애인) 장애인복지관,장애인지역사회재활시설,서울특별시 강남구 개포로 613,37.5242332,127.0265141
광림주간보호센터,C8430,(장애인) 장애인주간보호시설,장애인지역사회재활시설,서울특별시 강남구 압구정로22길 21웨슬리관 2층,37.5909848,126.8852196
빛나눔보호작업장,C8435,(장애인) 장애인보호작업장,장애인직업재활시설,서울특별시 은평구 수색로 390-29 (수색동),37.5587393,126.9867567
남산골주간보호센터,C8447,(장애인) 장애인주간보호시설,장애인지역사회재활시설,서울특별시 중구 퇴계로20길 41-11남산쉼터 2층 (남산동2가),37.5951491,126.9490259
영광 시각장애인 모바일 점자도서관,C8462,(장애인) 점자도서관,장애인지역사회재활시설,서울특별시 서대문구 세검정로 78-19올해피복지센터 2층 (홍제동),37.6287227,127.0390729
강북장애인종합복지관주간보호시설,C8480,(장애인) 장애인주간보호시설,장애인지역사회재활시설,서울특별시 강북구 오현로 189강북장애인종합복지관(2층),37.4887902,127.1035661
밀알그린보호작업장,C8482,(장애인) 장애인보호작업장,장애인직업재활시설,서울특별시 강남구 밤고개로1길 341층 101호 (수서동),37.48878822,127.1036193
강남 행복의집,C8539,(장애인) 장애인공동생활가정,장애인거주시설,서울특별시 강남구 논현로117길 12-4401호 (논현동 현대로얄빌라),37.5483541,127.1431037
강동행복의집,C8541,(장애인) 장애인공동생활가정,장애인거주시설,서울특별시 강동구 양재대로135길5-1 301호 (천호동),37.6861603,127.0479871
도봉단기보호시설,C8542,(장애인) 장애인단기거주시설,장애인거주시설,서울특별시 도봉구 마들로 7091층 (도봉동),37.6564138,127.0389888
그린도봉주간보호센터,C8551,(장애인) 장애인주간보호시설,장애인지역사회재활시설,서울특별시 도봉구 도봉로 575608(쌍문동삼환프라자) ,37.6650404,127.0393336
베데스다의집함께하네,C8558,(장애인) 장애인공동생활가정,장애인거주시설,서울특별시 도봉구 방학동 686-1251 (방학동),37.5465885,127.1441673
해피죤아동발달지원센터,C8563,(장애인) 장애인재활치료시설,장애인지역사회재활시설,서울특별시 강동구 상암로195 501호 (명일동 에이플러스빌딩),37.5243999,127.0313167
소망그룹홈4,C8572,(장애인) 장애인공동생활가정,장애인거주시설,서울특별시 강남구 언주로159길 21102호 (신사동),37.5243999,127.0313167
소망그룹홈3,C8573,(장애인) 장애인공동생활가정,장애인거주시설,서울특별시 강남구 언주로159길 21101호 (신사동),37.5240417,127.0310543
소망그룹홈2,C8574,(장애인) 장애인공동생활가정,장애인거주시설,서울특별시 강남구 언주로157길 22가동 2층 2호 (신사동),37.5365815,126.9460477
루치아 공동생활가정,C8585,(장애인) 장애인공동생활가정,장애인거주시설,서울특별시 마포구 마포대로4라길41 201호 (마포동 마포더힐),37.5195134,126.8442756
맑은샘장애인단기거주시설,C8620,(장애인) 장애인단기거주시설,장애인거주시설,서울특별시 양천구 신월로192 202호 (신월동),37.5649307,126.810622
여호와닛시의집,C8627,(장애인) 장애인공동생활가정,장애인거주시설,서울특별시 강서구 방화동로5길38-7 (방화동),37.5010097,127.134043
서울곰두리체육센터,C8632,(장애인) 장애인체육시설,장애인지역사회재활시설,서울특별시 송파구 동남로 271,37.4929263,126.8239788
버들그룹홈,C8639,(장애인) 장애인공동생활가정,장애인거주시설,서울특별시 구로구 부일로871-16 101동 601호 (온수동 디아이빌2차),37.4929263,126.8239788
느티나무그룹홈,C8640,(장애인) 장애인공동생활가정,장애인거주시설,서울특별시 구로구 부일로871-16 101동 501호 (온수동디아이빌),37.5862851,126.8116933
H2빌,C8644,(장애인) 중증장애인거주시설,장애인거주시설,서울특별시 강서구 금낭화로26가길 130-0,37.5049809,126.9425947
서울시각장애인생활이동지원센터,C8664,(장애인) 장애인생활이동지원센터,장애인지역사회재활시설,서울특별시 동작구 상도로 216-0상도동 인경빌딩346층,37.5430809,127.0595959
공감보호작업장,C8676,(장애인) 장애인보호작업장,장애인직업재활시설,서울특별시 성동구 아차산로144 B101호 B103호(성수동2가 우영테크노센터),37.6048924,127.0463706
행복플러스보호작업장,C8688,(장애인) 장애인보호작업장,장애인직업재활시설,서울특별시 성북구 화랑로134 (하월곡동2-2),37.6090383,127.0310219
행복플러스 단기보호시설,C8689,(장애인) 장애인단기거주시설,장애인거주시설,서울특별시 성북구 화랑로134 (하월곡동),37.5016568,127.0841196
비움,C8692,(장애인) 장애인공동생활가정,장애인거주시설,서울특별시 송파구 삼전로3길3-25 (잠실동),37.577544,126.9342695
장애인내일키움직업교육센터,C8696,(장애인) 장애인보호작업장,장애인직업재활시설,서울특별시 서대문구 연희로33가길6-15 (연희동),37.521044,126.9030081
라피드보호작업장,C8708,(장애인) 장애인보호작업장,장애인직업재활시설,서울특별시 영등포구 영신로40길16 2층 (영등포동6가),37.4967581,126.8440292
하늘아래주간보호시설,C8710,(장애인) 장애인주간보호시설,장애인지역사회재활시설,서울특별시 구로구 경인로23길8 (오류동 대서프라자 301-1호 오류동),37.5525546,127.0063374
하늘마음,C8713,(장애인) 장애인공동생활가정,장애인거주시설,서울특별시 중구 동호로11나길 35202호 (신당동),37.4929263,126.8239788
오뚜기하우스,C8717,(장애인) 장애인공동생활가정,장애인거주시설,서울특별시 구로구 부일로871-16 871-16 101동 202호 302호,37.5481125,126.85254
교남발달지원센터,C8720,(장애인) 장애인재활치료시설,장애인지역사회재활시설,서울특별시 강서구 까치산로22길 38 3층 (화곡동),37.6691424,127.0322405
동천하우스7,C8729,(장애인) 장애인공동생활가정,장애인거주시설,서울특별시 도봉구 시루봉로17길47 202호 (방학동),37.6691424,127.0322405
동천하우스8,C8730,(장애인) 장애인공동생활가정,장애인거주시설,서울특별시 도봉구 시루봉로17길47 502호 (방학동),37.5382213,127.1425623
소망드림복지센터,C8742,(장애인) 장애인보호작업장,장애인직업재활시설,서울특별시 강동구 양재대로116길 202층 (길동),37.51501,127.0319618
서울영동주간보호센터,C8758,(장애인) 장애인주간보호시설,장애인지역사회재활시설,서울특별시 강남구 논현로132길20 (논현동 서울영동교회 교육관2층),37.4804875,126.9440717
꿈터2장애인주간보호센터,C8769,(장애인) 장애인주간보호시설,장애인지역사회재활시설,서울특별시 관악구 쑥고개로13길22 (봉천동),37.5242332,127.0265141
예수와주간보호센터,C8774,(장애인) 장애인주간보호시설,장애인지역사회재활시설,서울특별시 강남구 압구정로22길21 1층 (신사동 웨슬리관 ),37.5492671,126.8514653
행복을파는장사꾼,C8782,(장애인) 장애인보호작업장,장애인직업재활시설,서울특별시 강서구 까치산로 134 (화곡동),37.470327,127.1193059
성모자애단기거주시설미리암의집,C8806,(장애인) 장애인단기거주시설,장애인거주시설,서울특별시 강남구 헌릉로757길 35 (율현동),37.5533839,127.0845407
희망하우스,C8814,(장애인) 장애인주간보호시설,장애인지역사회재활시설,서울특별시 광진구 능동로34길 102-52층 (능동),37.6404335,127.0231144
참사랑 너나울 주간보호센터 2호,C8837,(장애인) 장애인주간보호시설,장애인지역사회재활시설,서울특별시 강북구 한천로143길 39 2층 (수유동),37.5602606,127.0920027
(주)의학신문사부설 아이맘인지발달연구소,C8848,(장애인) 장애인재활치료시설,장애인지역사회재활시설,서울특별시 광진구 동일로 357 (중곡동),37.6455267,127.0141955
예수성심우리엄마네,C8863,(장애인) 장애인공동생활가정,장애인거주시설,서울특별시 강북구 삼양로123길 14-19 (수유동),37.4710199,127.0460212
다니엘의집5호,C8867,(장애인) 장애인공동생활가정,장애인거주시설,서울특별시 서초구 동산로12길 20203호 (양재동 동은빌라),37.511372,127.0277614
논현제3공동생활가정,C8875,(장애인) 장애인공동생활가정,장애인거주시설,서울특별시 강남구 학동로18길 23-1302호 (논현동),37.5937725,126.9336757
최종병기공동생활가정,C8904,(장애인) 장애인공동생활가정,장애인거주시설,서울특별시 서대문구 연희로41가길 103-13. (홍은동),37.4989949,127.1598677
위투게더,C8907,(장애인) 장애인단기거주시설,장애인거주시설,서울특별시 송파구 성내천로 239 (마천동),37.5761079,127.0729539
꿈드래장애인일자리센터,C8920,(장애인) 장애인보호작업장,장애인직업재활시설,서울특별시 동대문구 장한로28가길 70 (장안동),37.5841516,126.8808497
푸르메재단넥슨어린이재활병원,C8926,(장애인) 장애인의료재활시설,장애인의료재활시설,서울특별시 마포구 월드컵북로 494푸르메재단넥슨어린이재활병원 (상암동),37.5844507,126.8805679
푸르메스포츠센터,C8929,(장애인) 장애인체육시설,장애인지역사회재활시설,서울특별시 마포구 월드컵북로 494푸르메스포츠센터 (상암동),37.5697271,126.9029931
마포푸르메직업재활센터,C8930,(장애인) 장애인보호작업장,장애인직업재활시설,서울특별시 마포구 월드컵북로 494-0 (상암동)494-0(상암동) 49,37.4916548,127.0875755
래그랜느보호작업장,C8933,(장애인) 장애인보호작업장,장애인직업재활시설,서울특별시 강남구 양재대로55길13 (일원동) 지하1층,37.5531968,126.8298352
휴샘아동가족발달센터,C8935,(장애인) 장애인재활치료시설,장애인지역사회재활시설,서울특별시 강서구 마곡중앙5로 81 908호 (마곡동),37.5709309,127.0302499
구립동대문장애인종합복지관,C8937,(장애인) 장애인복지관,장애인지역사회재활시설,서울특별시 동대문구 청계천로 5210 (용두동)0 (용두동),37.5240417,127.0310543
소망그룹홈1,C8939,(장애인) 장애인공동생활가정,장애인거주시설,서울특별시 강남구 언주로157길 22영빈빌라 가동 (신사동) 1호,37.5475938,127.0899054
sim 발달지원센터,C8945,(장애인) 장애인재활치료시설,장애인지역사회재활시설,서울특별시 광진구 천호대로136길 50 (구의동 서진드림빌),37.5034227,126.8432513
하이드림,C8948,(장애인) 장애인공동생활가정,장애인거주시설,서울특별시 구로구 고척로21다길34-7 501호 (개봉동 리움하우스),37.5025893,127.1448021
행복단기보호시설,C8951,(장애인) 장애인단기거주시설,장애인거주시설,서울특별시 송파구 성내천로 271 2층 (마천동),37.4996569,127.1476222
행복 보호작업장,C8952,(장애인) 장애인보호작업장,장애인직업재활시설,서울특별시 송파구 성내천로 271217 1층 (마천동),37.469824,126.89589
SG블루웰,C8980,(장애인) 장애인보호작업장,장애인직업재활시설,서울특별시 금천구 두산로 70-0 (독산동)70 B동 4층 436호 (독산동 현대지식산업센터),37.4657122,126.8883978
소울터보호작업장,C8991,(장애인) 장애인보호작업장,장애인직업재활시설,서울특별시 금천구 범안로1138 603호 (가산동 고려테크온),37.5405021,126.8518521
교남공동생활가정2호,C9000,(장애인) 장애인공동생활가정,장애인거주시설,서울특별시 강서구 초록마을로19길 12 301호 (화곡동),37.5193571,127.0993659
하사랑주간보호,C9053,(장애인) 장애인주간보호시설,장애인지역사회재활시설,서울특별시 송파구 올림픽로35길 1241동 501호 (장미A상가신천동),37.4820051,127.0250418
한우리보호작업장,C9088,(장애인) 장애인보호작업장,장애인직업재활시설,서울특별시 서초구 남부순환로340길 15 (서초동),37.5998575,126.9484829
늘품 장애인 보호작업장,C9089,(장애인) 장애인보호작업장,장애인직업재활시설,서울특별시 서대문구 홍은중앙로 105-0 (홍은동)105 2층 (홍은동),37.4916519,127.1482492
행복한사랑,C9092,(장애인) 장애인주간보호시설,장애인지역사회재활시설,서울특별시 송파구 오금로 548 1층 (거여동),37.242397,127.7394748
다산하늘센터,C9096,(장애인) 중증장애인거주시설,장애인거주시설,경기도 여주시 강천면 섬강로229-1(강천리 91-2),37.486959,127.1069513
강남세움단기보호센터,C9101,(장애인) 장애인단기거주시설,장애인거주시설,서울특별시 강남구 광평로60길 222층 (수서동 강남구직업재활센터),37.477376,126.9618524
관악구장애인종합복지관,C9126,(장애인) 장애인복지관,장애인지역사회재활시설,서울특별시 관악구 남부순환로 1914 (봉천동),37.6279711,127.0162909
효정1호효정2호 공동생활가정,C9136,(장애인) 장애인공동생활가정,장애인거주시설,서울특별시 강북구 삼양로69길 423층 (수유동),37.5398179,127.0829323
동그라미 움직임 발달센터,C9152,(장애인) 장애인재활치료시설,장애인지역사회재활시설,서울특별시 광진구 자양로 135 201호 (자양동),37.5454251,127.0469231
성동재활의원,C9153,(장애인) 장애인의료재활시설,장애인의료재활시설,서울특별시 성동구 뚝섬로1길 43 1층 (성수동1가 성수문화복지회관),37.4603732,127.0921844
다니엘치료센터,C9159,(장애인) 장애인재활치료시설,장애인지역사회재활시설,서울특별시 서초구 헌릉로468길 21-16다니엘학교 지하1층 ,37.9196301,127.493194
루디아의집,C9167,(장애인) 장애유형별거주시설,장애인거주시설,경기도 가평군 북면 오목골길 8-47루디아의집,37.6692286,127.0475929
도봉장애인종합복지관,C9180,(장애인) 장애인복지관,장애인지역사회재활시설,서울특별시 도봉구 마들로664-23 (도봉동 도봉장애인종합복지관),37.5291608,126.8398682
행복이가득한집 2호,C9181,(장애인) 장애인공동생활가정,장애인거주시설,서울특별시 강서구 월정로18길 20 401호 (화곡동),37.5666435,126.8411773
참행복한세상,C9187,(장애인) 장애인보호작업장,장애인직업재활시설,서울특별시 강서구 강서로 462대룡드림타워-1 2층 208호 (등촌동),37.6363779,127.0776294
베데스다직업적응훈련시설,C9190,(장애인) 장애인직업적응훈련시설,장애인직업재활시설,서울특별시 노원구 공릉로58마길 27 (하계동),37.6421978,127.0261734
참사랑공동생활가정,C9195,(장애인) 장애인공동생활가정,장애인거주시설,서울특별시 강북구 한천로144길 27 (수유동),37.6428883,127.0737358
하계장애인주간활동센터,C9214,(장애인) 장애인주간보호시설,장애인지역사회재활시설,서울특별시 노원구 노원로16길 15 (하계동 중계9단지주공영구임대아파트),37.4898905,127.1427859
송파구장애인직업재활지원센터,C9247,(장애인) 장애인직업적응훈련시설,장애인직업재활시설,서울특별시 송파구 양산로 5 3층 (거여동),37.5598173,126.966814
구립중림장애인주간보호센터,C9252,(장애인) 장애인주간보호시설,장애인지역사회재활시설,서울특별시 중구 서소문로6길 16 (중림동),37.476456,126.9712151
사랑단기보호센터,C9265,(장애인) 장애인단기거주시설,장애인거주시설,서울특별시 동작구 남부순환로255길 8-0 (사당동 장미빌라)8 201호 (사당동 장미빌라 201호),37.567361,127.0688876
더원직업훈련센터,C9266,(장애인) 장애인직업적응훈련시설,장애인직업재활시설,서울특별시 동대문구 장한로 74 2층 (장안동),37.5077957,127.13345
행복주간보호센터,C9269,(장애인) 장애인주간보호시설,장애인지역사회재활시설,서울특별시 송파구 마천로 89 4층 (오금동),37.4917326,127.1481929
해피하우스,C9277,(장애인) 장애인단기거주시설,장애인거주시설,서울특별시 송파구 오금로 548 (거여동),37.530958,127.1281529
동안우리주간보호센터,C9279,(장애인) 장애인주간보호시설,장애인지역사회재활시설,서울특별시 강동구 풍성로 146 4층 (성내동),37.6363909,127.0157801
헬렌켈러의집 2호,C9280,(장애인) 장애인공동생활가정,장애인거주시설,서울특별시 강북구 삼양로91가길 8-0 (수유동 JS홈타운)8 2동 201호 (수유동 JS홈타운),37.5354581,127.1373993
라파아동발달센터,C9309,(장애인) 장애인재활치료시설,장애인지역사회재활시설,서울특별시 강동구 길동  302호,37.5658595,127.1735373
아이사랑아동청소년발달센터,C9311,(장애인) 장애인재활치료시설,장애인지역사회재활시설,서울특별시 강동구 아리수로93길 33 베스트프라자동 302호 (강일동),37.5617645,127.1676861
홀트강동복지관,C9322,(장애인) 장애인복지관,장애인지역사회재활시설,서울특별시 강동구 아리수로93길 41 (강일동),37.5289155,127.1217357
직업재능개발센터,C9325,(장애인) 장애인직업적응훈련시설,장애인직업재활시설,서울특별시 강동구 올림픽로588 3층 (성내동),37.4803029,126.9955448
성민드림주간보호센터,C9331,(장애인) 장애인주간보호시설,장애인지역사회재활시설,서울특별시 서초구 효령로26길 9-9 (방배동),37.4769347,126.8824557
한결엠보호작업장,C9337,(장애인) 장애인보호작업장,장애인직업재활시설,서울특별시 금천구 가산디지털1로 131 B206호 (가산동 BYC하이시티지식산업센터),37.4940029,127.1437725
우리그룹홈,C9345,(장애인) 장애인공동생활가정,장애인거주시설,서울특별시 송파구 거마로3길 5 가동 102호 (거여동 대진아트빌라),37.4824724,126.894424
블루나래,C9357,(장애인) 장애인보호작업장,장애인직업재활시설,서울특별시 구로구 디지털로 272 12층 17호 (구로동 한신아이티타워),37.5908669,126.9479538
영광시각장애인주간보호센터,C9359,(장애인) 장애인주간보호시설,장애인지역사회재활시설,서울특별시 서대문구 세무서10길 54 (홍제동),37.4872752,127.1251498
두손장애인보호작업장,C9360,(장애인) 장애인보호작업장,장애인직업재활시설,서울특별시 송파구 동남로6길 34-1 1층 (문정동),37.4830713,126.8929802
모두누리 직업재활센터,C9387,(장애인) 장애인보호작업장,장애인직업재활시설,서울특별시 구로구 디지털로27길 24506호(벽산디지털밸리 1차) (구로동),37.4590466,126.9007496
기쁨나무,C9388,(장애인) 장애인보호작업장,장애인직업재활시설,서울특별시 금천구 시흥대로80길 19 (독산동),37.5617645,127.1676861
홀트주간보호센터,C9392,(장애인) 장애인주간보호시설,장애인지역사회재활시설,서울특별시 강동구 아리수로93길 41 (강일동),37.5300435,126.8560028
주은공동생활가정,C9405,(장애인) 장애인공동생활가정,장애인거주시설,서울특별시 강서구 강서로5라길 138 2층 (화곡동),37.5004027,126.85438
은하수,C9412,(장애인) 장애인공동생활가정,장애인거주시설,서울특별시 구로구 고척로52마길 21-11 1층 (개봉동),37.6970517,127.1770439
서울특별시립장애인영농직업재활시설,C9434,(장애인) 장애인보호작업장,장애인직업재활시설,경기도 남양주시 진접읍 양진로725,37.4821199,126.9303178
관악밀알주간보호센터,C9445,(장애인) 장애인주간보호시설,장애인지역사회재활시설,서울특별시 관악구 신림로58길 8 (신림동),37.6622115,127.0112479
행복한 사람들의 집,C9452,(장애인) 장애인공동생활가정,장애인거주시설,서울특별시 강북구 삼양로173가길 22 (우이동),37.6372873,127.0296864
이음주간교육센터,C9462,(장애인) 장애인주간보호시설,장애인지역사회재활시설,서울특별시 강북구 한천로129길11 1층 (번동),37.4869823,127.1069593
강남세움보호작업장,C9499,(장애인) 장애인보호작업장,장애인직업재활시설,서울특별시 강남구 광평로60길22 2층 (수서동),37.6595599,127.0691688
킨더윌언어심리전문센터,C9503,(장애인) 장애인재활치료시설,장애인지역사회재활시설,서울특별시 노원구 상계로23다길 13-8 1층 107-178호 (상계동 노원아이파크),37.5413651,127.0488867
두빛나래보호작업장,C9506,(장애인) 장애인보호작업장,장애인직업재활시설,서울특별시 성동구 성수일로 10 (성수동1가 서울숲ITCT지식산업센터 B201호),37.5305073,126.9243356
꿈친장애인주간보호센터,C9511,(장애인) 장애인주간보호시설,장애인지역사회재활시설,서울특별시 영등포구 은행로 55 1층 (여의도동),37.4869823,127.1069593
강남세움복지관,C9513,(장애인) 장애인복지관,장애인지역사회재활시설,서울특별시 강남구 광평로60길 22 (수서동),37.5218232,126.8434876
해피드림,C9516,(장애인) 장애인공동생활가정,장애인거주시설,서울특별시 양천구 월정로 22 401호 (신월동),37.6357061,127.0746828
선한이웃 재활운동발달센터,C9546,(장애인) 장애인재활치료시설,장애인지역사회재활시설,서울특별시 노원구 공릉로58길 112 3층 1호 (하계동 순흥아트빌),37.4620102,126.9042465
주사랑 장애인단기보호센터,C9562,(장애인) 장애인단기거주시설,장애인거주시설,서울특별시 금천구 독산로 165-1 1층 3층 (시흥동),37.4869823,127.1069593
강남세움근로사업장 굿윌스토어,C9567,(장애인) 장애인근로사업장,장애인직업재활시설,서울특별시 강남구 광평로60길 22 1층 3층층 (수서동 강남세움장애인통합지원센터),37.486959,127.1069513
강남세움 직업훈련센터,C9571,(장애인) 장애인직업적응훈련시설,장애인직업재활시설,서울특별시 강남구 광평로60길 22 3층 (수서동 강남세움장애인통합지원센터),37.622143,127.0863716
담쟁이그룹홈,C9578,(장애인) 장애인공동생활가정,장애인거주시설,서울특별시 노원구 노원로1길 96 2동 203호 (공릉동 화랑빌에이),37.491823,126.9825127
사랑손직업적응훈련시설,C9595,(장애인) 장애인직업적응훈련시설,장애인직업재활시설,서울특별시 동작구 사당로 90 상가동 (사당동 1~2층),37.4594062,126.9009523
기쁨이꽃피는나무,C9596,(장애인) 장애인공동생활가정,장애인거주시설,서울특별시 금천구 시흥대로80길 19-11 2층 (독산동),37.5043018,126.8751353
아해하제공동생활가정,C9604,(장애인) 장애인공동생활가정,장애인거주시설,서울특별시 강남구 헌릉로569길 46-6 1층 (세곡동),37.6047483,126.9264612
은평구립우리장애인복지관,C9652,(장애인) 장애인복지관,장애인지역사회재활시설,서울특별시 은평구 녹번로1길 13 (녹번동),37.5638409,126.9925793
누보,C9653,(장애인) 장애인보호작업장,장애인직업재활시설,서울특별시 중구 충무로29 402호 (초동 아시아미디어타워),37.4405439,126.9025176
금천발달장애인주간보호센터,C9657,(장애인) 장애인주간보호시설,장애인지역사회재활시설,서울특별시 금천구 시흥대로73길 30 4층 (시흥동 금천어울림복지센터),37.5920799,127.0931562
소담,C9684,(장애인) 장애인보호작업장,장애인직업재활시설,서울특별시 중랑구 상봉로 69 5층 (면목동),37.5741667,126.8125535
40플러스 금곡행복쉼터 주간보호센터,C9711,(장애인) 장애인주간보호시설,장애인지역사회재활시설,서울특별시 강서구 방화대로45길 69 6층 (방화동),37.4749114,126.8868013
사람희망 금천장애인자립생활센터,F04194,(장애인) 중증장애인자립생활지원센터,장애인기타,서울특별시 금천구 독산로 70C동 603호(현대지식산업센터) (시흥동),37.5266497,126.9164767
해오름장애인자립생활센터,F04195,(장애인) 중증장애인자립생활지원센터,장애인기타,서울특별시 영등포구 국회대로62길 14한국스카우트연맹 302호 (여의도동),37.5319542,126.893701
이음장애인자립생활센터,F04196,(장애인) 중증장애인자립생활지원센터,장애인기타,서울특별시 영등포구 선유로 1461213호 (양평동3가),37.5269524,126.8919341
선한이웃재활운동발달센터,F04401,(장애인) 장애인재활치료시설,장애인지역사회재활시설,서울특별시 노원구 공릉로58길 112301호 (하계동 순흥빌라트),37.6595599,127.0691688
킨더윌언어심리전문센터,F04402,(장애인) 장애인재활치료시설,장애인지역사회재활시설,서울특별시 노원구 상계로23다길 13-8107호 (상계동 노원 아이파크),37.500294,126.8543183
은하수,F04559,(장애인) 장애인공동생활가정,장애인거주시설,서울특별시 구로구 고척로52마길 21-111층 (개봉동),37.5499712,127.1302458
장애인자립생활주택(가형)-강동장애인자립생활센터,F04607,(장애인) 중증장애인자립생활지원센터,장애인기타,서울특별시 강동구 올림픽로98가길 6-14101호 (암사동 세종그랑빌3차),37.5462183,127.1680167
장애인자립생활주택(다형) 해뜨는양지,F04608,(장애인) 중증장애인자립생활지원센터,장애인기타,서울특별시 강동구 상암로81길 10-1 (상일동 태건빌),37.5460113,127.1229678
장애인자립생활주택(가형)-해뜨는양지,F04609,(장애인) 중증장애인자립생활지원센터,장애인기타,서울특별시 강동구 천중로9길 40101호 (천호동),37.5545091,126.9487436
염리종합사회복지관 내 주간보호센터,F04656,(장애인) 장애인주간보호시설,장애인지역사회재활시설,서울특별시 마포구 숭문길 14마포구 염리동 14-11일대(염리3구역 사회복지시설용지)(염리동),37.5292385,126.8399579
행복이가득한집2호,F04657,(장애인) 장애인공동생활가정,장애인거주시설,서울특별시 강서구 월정로18길 20401 (화곡동)(화곡동),37.5909072,127.0937704
소담,F04665,(장애인) 장애인보호작업장,장애인직업재활시설,서울특별시 중랑구 상봉로 695층 (면목동),37.6053132,127.0987716
사랑의집,F04666,(장애인) 장애인공동생활가정,장애인거주시설,서울특별시 중랑구 용마산로129나길 50 (신내동)(신내동),37.5468224,126.9500658
공덕동행복주택 내 장애인주간보호센터,F04759,(장애인) 장애인주간보호시설,장애인지역사회재활시설,서울특별시 마포구 백범로31길 21행복주택 (공덕동)(공덕동),37.4854641,126.9953355
국가복지정보 장애인시설,P9003,(장애인) 장애유형별거주시설,장애인거주시설,서울특별시 서초구 방배로20길 4원등빌딩 5층방배동,37.6051391,126.9075414
누야하우스,Z0164,(장애인) 장애인보호작업장,장애인직업재활시설,서울특별시 은평구 갈현로11길 30(구산동),37.4968801,127.0560936
서울시그룹홈지원센터,Z5561,(장애인) (기타)장애인복지시설,장애인기타,서울특별시 강남구 도곡로 416-0서울특별시립장애인행복플러스센터 2층,37.5135003,126.9170497
꿈더하기지원센터,Z5943,(장애인) (기타)장애인복지시설,장애인기타,서울특별시 영등포구 영등포로64길 15울림동 1층 (신길동),37.6183087,126.9390451
은평발달장애인평생교육센터,Z6123,(장애인) (기타)장애인복지시설,장애인기타,서울특별시 은평구 통일로934 (불광동 1층),37.4879855,127.1017774
강남장애인가족지원센터,Z6164,(장애인) 장애인자립지원센터,장애인기타,서울특별시 강남구 밤고개로1길 10 826호 (수서동 수서현대벤처빌),37.4964604,127.0320158
양천구발달장애인평생교육센터,Z6188,(장애인) 중증장애인자립생활지원센터,장애인기타,서울특별시 양천구 중앙로 181 지하층101호 (신정동 복합메디컬타운),37.5783342,126.9283021
서대문 발달장애인평생교육센터,Z6205,(장애인) (기타)장애인복지시설,장애인기타,서울특별시 서대문구 증가로4길63-17 (홍은동),37.4869823,127.1069593
강남세움 발달장애인 평생교육센터,Z6223,(장애인) (기타)장애인복지시설,장애인기타,서울특별시 강남구 광평로60길22 4층 (수서동),37.6638302,127.076596
노원발달장애인평생교육센터,Z6232,(장애인) (기타)장애인복지시설,장애인기타,서울특별시 노원구 덕릉로 744 34층 (상계동 금강빌딩),37.5951491,126.9490259
서대문장애인가족지원센터,Z6246,(장애인) (기타)장애인복지시설,장애인기타,서울특별시 서대문구 세검정로 78-19 1층 (홍제동),37.5204524,126.9910848
용산구장애인가족지원센터,Z6291,(장애인) (기타)장애인복지시설,장애인기타,서울특별시 용산구 서빙고로 245 2층 (서빙고동 용산구장애인커뮤니티센터),37.5706753,126.9889587
종로발달장애인평생교육센터,Z6295,(장애인) (기타)장애인복지시설,장애인기타,서울특별시 종로구 종로17길 8 (종로2가),37.5217473,126.899285
영등포구 발달장애인평생교육센터,Z6300,(장애인) (기타)장애인복지시설,장애인기타,서울특별시 영등포구 영등포로 146 (당산동1가),37.5002878,127.0391661
미미위역삼 발달장애인평생교육센터,Z6325,(장애인) (기타)장애인복지시설,장애인기타,서울특별시 강남구 논현로86길 21 2층 (역삼동),37.5005176,127.0391339
